S/N,Institution,Inst. Code,Region,District,Location,Gender,No. of Programs,Programs (Code - Name),Status
1,"TSC Technical Institute, Goaso",9060400,Ahafo,Asunafo North,Goaso,Mixed,5,"603 - WELDING & FABRICATION TECH.
606 - MECHANICAL ENG TECH.
608 - ELECTRICAL ENG. TECH.
706 - BUILDING CONSTRUCTION
802 - GARMENT / FASHION TECH.",Day/Boarding
2,Fawohoyeden Technical Institute,9061400,Ahafo,Asunafo North,Fawohoyeden,Mixed,6,"608 - ELECTRICAL ENG. TECH.
610 - AGRICULTURAL MECHANIZATION TECH.
614 - COMPUTER HARDWARE & SOFTWARE
706 - BUILDING CONSTRUCTION
802 - GARMENT / FASHION TECH.
803 - CATERING & HOSPITALITY MGT",Day/Boarding
3,Gyedu Technical Institute,9062400,Ahafo,Asutifi North,Gyedu,Mixed,7,"603 - WELDING & FABRICATION TECH.
608 - ELECTRICAL ENG. TECH.
702 - PLUMBING & GAS TECHNOLOGY
705 - WOOD TECHNOLOGY
706 - BUILDING CONSTRUCTION
802 - GARMENT / FASHION TECH.
803 - CATERING & HOSPITALITY MGT",Day/Boarding
4,Bechem Technical Institute,9060802,Ahafo,Tano South,Bechem,Mixed,13,"602 - AUTOMOTIVE  ENG. TECH.
603 - WELDING & FABRICATION TECH.
606 - MECHANICAL ENG TECH.
608 - ELECTRICAL ENG. TECH.
614 - COMPUTER HARDWARE & SOFTWARE
618 - SOFTWARE DEVELOPMENT (CBT OPTION, FOR GIRLS ONLY)
702 - PLUMBING & GAS TECHNOLOGY
705 - WOOD TECHNOLOGY
706 - BUILDING CONSTRUCTION
802 - GARMENT / FASHION TECH.
803 - CATERING & HOSPITALITY MGT
809 - HAIRDRESSING
810 - BEAUTY THERAPY",Day/Boarding
5,Yamfo Technical Institute,9060200,Ahafo,Tano North,Yamfo,Mixed,6,"603 - WELDING & FABRICATION TECH.
608 - ELECTRICAL ENG. TECH.
705 - WOOD TECHNOLOGY
706 - BUILDING CONSTRUCTION
802 - GARMENT / FASHION TECH.
803 - CATERING & HOSPITALITY MGT",Day/Boarding
6,"TSC Technical Institute, Bechem",9060800,Ahafo,Tano South,Bechem,Mixed,2,"603 - WELDING & FABRICATION TECH.
606 - MECHANICAL ENG TECH.",Day/boarding
7,Akrodie Technical Institute,9060139,Ahafo,Asunafo North,Akrodie,Mixed,4,"608 - ELECTRICAL ENG. TECH.
705 - WOOD TECHNOLOGY
706 - BUILDING CONSTRUCTION
802 - GARMENT / FASHION TECH.",Day/Boarding
8,Adrobaa Technical Institute,9060201,Ahafo,Tano North,Adrobaa,Mixed,3,"608 - ELECTRICAL ENG. TECH.
706 - BUILDING CONSTRUCTION
802 - GARMENT / FASHION TECH.",Day/ Boarding
9,Kwapong Technical Institute,9063011,Ahafo,Asunafo South,Kwapong,Mixed,6,"603 - WELDING & FABRICATION TECH.
608 - ELECTRICAL ENG. TECH.
705 - WOOD TECHNOLOGY
706 - BUILDING CONSTRUCTION
802 - GARMENT / FASHION TECH.
803 - CATERING & HOSPITALITY MGT",Day/ Boarding
10,Islamic Mission Technical Institute,9060205,Ahafo,Tano North,"Duayaw Nkwanta, Koforidua",Mixed,4,"602 - AUTOMOTIVE  ENG. TECH.
608 - ELECTRICAL ENG. TECH.
708 - BUILDING CONS. TECH. (CBT OPTION)
802 - GARMENT / FASHION TECH.",Day/ Boarding
11,Hemang Buoho Technical Institute,9052000,Ashanti,Afigya Kwabre South,Hemang Buoho,Mixed,6,"608 - ELECTRICAL ENG. TECH.
615 - INFORMATION TECH.
702 - PLUMBING & GAS TECHNOLOGY
706 - BUILDING CONSTRUCTION
802 - GARMENT / FASHION TECH.
803 - CATERING & HOSPITALITY MGT",Day/Boarding
12,"TSC Technical Institute, Konongo",9050900,Ashanti,Asante Akim Central,Konongo,Mixed,2,"603 - WELDING & FABRICATION TECH.
606 - MECHANICAL ENG TECH.",Day
13,Asankare Technical Institute,9051300,Ashanti,Asante Akim South,Asankare,Mixed,7,"608 - ELECTRICAL ENG. TECH.
610 - AGRICULTURAL MECHANIZATION TECH.
702 - PLUMBING & GAS TECHNOLOGY
705 - WOOD TECHNOLOGY
706 - BUILDING CONSTRUCTION
802 - GARMENT / FASHION TECH.
803 - CATERING & HOSPITALITY MGT",Day/Boarding
14,Business Secretarial and Technical Institute,9050104,Ashanti,Asokwa,Chirapatre,Mixed,7,"608 - ELECTRICAL ENG. TECH.
614 - COMPUTER HARDWARE & SOFTWARE
702 - PLUMBING & GAS TECHNOLOGY
706 - BUILDING CONSTRUCTION
802 - GARMENT / FASHION TECH.
803 - CATERING & HOSPITALITY MGT
901 - BUSINESS SECRETARIAL",Day/Boarding
15,Nerebehi Technical Institute,9051400,Ashanti,Atwim Nwabiagya,Nerebehi,Mixed,6,"608 - ELECTRICAL ENG. TECH.
705 - WOOD TECHNOLOGY
706 - BUILDING CONSTRUCTION
707 - ARCHITECTURAL DRAUGHTMANSHIP
802 - GARMENT / FASHION TECH.
803 - CATERING & HOSPITALITY MGT",Day/Boarding
16,Twedie Technical Institute,9052300,Ashanti,Atwima Kwawoma,Twedie,Mixed,4,"608 - ELECTRICAL ENG. TECH.
706 - BUILDING CONSTRUCTION
802 - GARMENT / FASHION TECH.
803 - CATERING & HOSPITALITY MGT",Day/Boarding
17,Nana Ampontua Technical Institute,9050401,Ashanti,Bekwai Mun.,Bekwai,Mixed,6,"602 - AUTOMOTIVE  ENG. TECH.
608 - ELECTRICAL ENG. TECH.
706 - BUILDING CONSTRUCTION
802 - GARMENT / FASHION TECH.
803 - CATERING & HOSPITALITY MGT
809 - HAIRDRESSING",Day/Boarding
18,"TSC Technical Institute, Bekwai",9050402,Ashanti,Bekwai Mun.,Bekwai,Mixed,3,"603 - WELDING & FABRICATION TECH.
606 - MECHANICAL ENG TECH.
802 - GARMENT / FASHION TECH.",Day
19,Yaa Pokua Technical Institute,9057771,Ashanti,Offinso North,Nkekaasu,Mixed,8,"602 - AUTOMOTIVE  ENG. TECH.
608 - ELECTRICAL ENG. TECH.
706 - BUILDING CONSTRUCTION
708 - BUILDING CONS. TECH. (CBT OPTION)
802 - GARMENT / FASHION TECH.
803 - CATERING & HOSPITALITY MGT
809 - HAIRDRESSING
810 - BEAUTY THERAPY",Day
20,Amoafo Technical Institute,9050403,Ashanti,Bekwai Mun.,Bekwai,Mixed,11,"602 - AUTOMOTIVE  ENG. TECH.
603 - WELDING & FABRICATION TECH.
608 - ELECTRICAL ENG. TECH.
614 - COMPUTER HARDWARE & SOFTWARE
702 - PLUMBING & GAS TECHNOLOGY
705 - WOOD TECHNOLOGY
706 - BUILDING CONSTRUCTION
802 - GARMENT / FASHION TECH.
803 - CATERING & HOSPITALITY MGT
809 - HAIRDRESSING
810 - BEAUTY THERAPY",Day/Boarding
21,St. Michael's Technical Institute,9052800,Ashanti,Bosomtwe,Pramso,Mixed,6,"608 - ELECTRICAL ENG. TECH.
701 - CREATIVE ART TECHNOLOGY
706 - BUILDING CONSTRUCTION
707 - ARCHITECTURAL DRAUGHTMANSHIP
802 - GARMENT / FASHION TECH.
803 - CATERING & HOSPITALITY MGT",Day/Boarding
22,Abosamso Technical Institute,9053001,Ashanti,Bosome-Freho,Abosamso,Mixed,5,"608 - ELECTRICAL ENG. TECH.
705 - WOOD TECHNOLOGY
706 - BUILDING CONSTRUCTION
802 - GARMENT / FASHION TECH.
803 - CATERING & HOSPITALITY MGT",Day/Boarding
23,Konkoma Technical Institute,9052801,Ashanti,Bosomtwi,Konkomba,Mixed,4,"608 - ELECTRICAL ENG. TECH.
705 - WOOD TECHNOLOGY
706 - BUILDING CONSTRUCTION
802 - GARMENT / FASHION TECH.",Day/Boarding
24,Tetrefu Technical Institute,9052802,Ashanti,Bosomtwi,Tetrefu,Mixed,7,"608 - ELECTRICAL ENG. TECH.
614 - COMPUTER HARDWARE & SOFTWARE
705 - WOOD TECHNOLOGY
706 - BUILDING CONSTRUCTION
707 - ARCHITECTURAL DRAUGHTMANSHIP
802 - GARMENT / FASHION TECH.
803 - CATERING & HOSPITALITY MGT",Day/Boarding
25,Afoako Technical Institute,9054012,Ashanti,Amansie Central,Afoako,Mixed,5,"608 - ELECTRICAL ENG. TECH.
705 - WOOD TECHNOLOGY
706 - BUILDING CONSTRUCTION
802 - GARMENT / FASHION TECH.
803 - CATERING & HOSPITALITY MGT",Day
26,Adako Jachie Technical Institute,9050301,Ashanti,Ejisu,Kwamo,Mixed,7,"602 - AUTOMOTIVE  ENG. TECH.
603 - WELDING & FABRICATION TECH.
608 - ELECTRICAL ENG. TECH.
702 - PLUMBING & GAS TECHNOLOGY
705 - WOOD TECHNOLOGY
706 - BUILDING CONSTRUCTION
802 - GARMENT / FASHION TECH.",Day/Boarding
27,Ejuraman Technical Institute,9056014,Ashanti,Ejura Sekyedumase,Ejura,Mixed,4,"608 - ELECTRICAL ENG. TECH.
706 - BUILDING CONSTRUCTION
802 - GARMENT / FASHION TECH.
803 - CATERING & HOSPITALITY MGT",Day/Boarding
28,Baworo Technical Institute,9050302,Ashanti,Ejisu,Baworo,Mixed,4,"608 - ELECTRICAL ENG. TECH.
706 - BUILDING CONSTRUCTION
802 - GARMENT / FASHION TECH.
803 - CATERING & HOSPITALITY MGT",Day/Boarding
29,Otaakrom Technical Institute,9055601,Ashanti,Atwima Mponua,Otaakrom,Mixed,5,"608 - ELECTRICAL ENG. TECH.
705 - WOOD TECHNOLOGY
706 - BUILDING CONSTRUCTION
802 - GARMENT / FASHION TECH.
803 - CATERING & HOSPITALITY MGT",Day/ Boarding
30,Kumasi Tech. Inst.,9050101,Ashanti,Kumasi Metro,Kumasi,Mixed,21,"601 - AUTOBODY REPAIRS
602 - AUTOMOTIVE  ENG. TECH.
603 - WELDING & FABRICATION TECH.
604 - HEAVY DUTY MECHANICS
605 - INDUSTRIAL MECHANICS
608 - ELECTRICAL ENG. TECH.
609 - ELECTRICAL MACHINE/MOTOR REWINDING
610 - AGRICULTURAL MECHANIZATION TECH.
611 - REFRIGERATION & AIR-CONDITION
612 - ELECTRONICS ENG. TECH.
614 - COMPUTER HARDWARE & SOFTWARE
625 - RECYCLING TECHNOLOGY (CBT OPTION)
702 - PLUMBING & GAS TECHNOLOGY
703 - FURNITURE TECHNOLOGY
704 - UPHOLSTERY
705 - WOOD TECHNOLOGY
706 - BUILDING CONSTRUCTION
707 - ARCHITECTURAL DRAUGHTMANSHIP
708 - BUILDING CONS. TECH. (CBT OPTION)
709 - BIODIGESTER
802 - GARMENT / FASHION TECH.",Day/Boarding
31,Achiase Technical Institute,9050312,Ashanti,Juaben Municipal,Achiase,Mixed,4,"608 - ELECTRICAL ENG. TECH.
702 - PLUMBING & GAS TECHNOLOGY
706 - BUILDING CONSTRUCTION
802 - GARMENT / FASHION TECH.",Day
32,Akumadan Applied  Technology  Institute,9057772,Ashanti,Offinso North,Akumadan,Mixed,5,"602 - AUTOMOTIVE  ENG. TECH.
611 - REFRIGERATION & AIR-CONDITION
615 - INFORMATION TECH.
623 - MECHATRONICS ENGINEERING TECHNOLOGY
803 - CATERING & HOSPITALITY MGT",Day
33,Suntreso Technical Institute,9050109,Ashanti,Kumasi Metro,North Suntreso,Mixed,7,"602 - AUTOMOTIVE  ENG. TECH.
608 - ELECTRICAL ENG. TECH.
614 - COMPUTER HARDWARE & SOFTWARE
702 - PLUMBING & GAS TECHNOLOGY
706 - BUILDING CONSTRUCTION
802 - GARMENT / FASHION TECH.
803 - CATERING & HOSPITALITY MGT",Day
34,Suame Technical Institute,9050103,Ashanti,Kumasi Metro,Suame,Mixed,9,"601 - AUTOBODY REPAIRS
602 - AUTOMOTIVE  ENG. TECH.
603 - WELDING & FABRICATION TECH.
604 - HEAVY DUTY MECHANICS
606 - MECHANICAL ENG TECH.
613 - PRINTING
617 - COMPUTER NETWORKING (CBT OPTION, FOR GIRLS ONLY)
622 - SOLAR PV TECHNOLOGY (CBT OPTION)
803 - CATERING & HOSPITALITY MGT",Day
35,Methodist Technincal  Institute,9050102,Ashanti,Kwadaso,Kwadaso,Mixed,12,"602 - AUTOMOTIVE  ENG. TECH.
603 - WELDING & FABRICATION TECH.
606 - MECHANICAL ENG TECH.
608 - ELECTRICAL ENG. TECH.
612 - ELECTRONICS ENG. TECH.
614 - COMPUTER HARDWARE & SOFTWARE
615 - INFORMATION TECH.
702 - PLUMBING & GAS TECHNOLOGY
705 - WOOD TECHNOLOGY
706 - BUILDING CONSTRUCTION
802 - GARMENT / FASHION TECH.
803 - CATERING & HOSPITALITY MGT",Day/Boarding
36,"TSC Technical Institute, Mampong",9050500,Ashanti,Mampong,Mampong,Mixed,4,"602 - AUTOMOTIVE  ENG. TECH.
603 - WELDING & FABRICATION TECH.
606 - MECHANICAL ENG TECH.
608 - ELECTRICAL ENG. TECH.",Day
37,Offinso Technical Institute,9050600,Ashanti,Ofinso,Offinso,Mixed,5,"608 - ELECTRICAL ENG. TECH.
705 - WOOD TECHNOLOGY
706 - BUILDING CONSTRUCTION
802 - GARMENT / FASHION TECH.
803 - CATERING & HOSPITALITY MGT",Day/Boarding
38,Kumawu Technical Institute,9052900,Ashanti,Sekyere Kumawu,Kumawu,Mixed,3,"608 - ELECTRICAL ENG. TECH.
706 - BUILDING CONSTRUCTION
802 - GARMENT / FASHION TECH.",Day/Boarding
39,Krobea Asante Technical and Vocational Institute,9051801,Ashanti,Sekyere East,Asokore,Mixed,9,"602 - AUTOMOTIVE  ENG. TECH.
603 - WELDING & FABRICATION TECH.
608 - ELECTRICAL ENG. TECH.
622 - SOLAR PV TECHNOLOGY (CBT OPTION)
702 - PLUMBING & GAS TECHNOLOGY
705 - WOOD TECHNOLOGY
706 - BUILDING CONSTRUCTION
802 - GARMENT / FASHION TECH.
803 - CATERING & HOSPITALITY MGT",Day/Boarding
40,Jachie Technical  Institute,9052803,Ashanti,Bosomtwe,Jachie,Mixed,3,"614 - COMPUTER HARDWARE & SOFTWARE
615 - INFORMATION TECH.
802 - GARMENT / FASHION TECH.",Day/Boarding
41,"TSC Technical Institute, Sekyere Kumawu",9053000,Ashanti,Sekyere Kumawu,Sekyere Kumawu,Mixed,3,"603 - WELDING & FABRICATION TECH.
606 - MECHANICAL ENG TECH.
802 - GARMENT / FASHION TECH.",Day
42,Agona Technical Institute,9052701,Ashanti,Sekyere South,Agona Ashanti,Mixed,7,"608 - ELECTRICAL ENG. TECH.
702 - PLUMBING & GAS TECHNOLOGY
706 - BUILDING CONSTRUCTION
802 - GARMENT / FASHION TECH.
803 - CATERING & HOSPITALITY MGT
809 - HAIRDRESSING
810 - BEAUTY THERAPY",Day/Boarding
43,Kokoben Technical Institute,9050319,Ashanti,Bosome Freho,Asiwa-Kokoben,Mixed,5,"608 - ELECTRICAL ENG. TECH.
705 - WOOD TECHNOLOGY
706 - BUILDING CONSTRUCTION
802 - GARMENT / FASHION TECH.
803 - CATERING & HOSPITALITY MGT",Day/Boarding
44,Dwease-Praaso Technical Institute,9051301,Ashanti,Asante Akyem Central,Dwease-Praaso,Mixed,4,"608 - ELECTRICAL ENG. TECH.
705 - WOOD TECHNOLOGY
706 - BUILDING CONSTRUCTION
802 - GARMENT / FASHION TECH.",Day/Boarding
45,Catholic Technical Institute,9050105,Ashanti,Kumasi Metro,Kumasi,Mixed,7,"602 - AUTOMOTIVE  ENG. TECH.
608 - ELECTRICAL ENG. TECH.
614 - COMPUTER HARDWARE & SOFTWARE
702 - PLUMBING & GAS TECHNOLOGY
705 - WOOD TECHNOLOGY
706 - BUILDING CONSTRUCTION
707 - ARCHITECTURAL DRAUGHTMANSHIP",Day/Boarding
46,Ramseyer Technical Institute,9050112,Ashanti,Asokwa,Asokwa,Mixed,7,"602 - AUTOMOTIVE  ENG. TECH.
608 - ELECTRICAL ENG. TECH.
702 - PLUMBING & GAS TECHNOLOGY
705 - WOOD TECHNOLOGY
706 - BUILDING CONSTRUCTION
802 - GARMENT / FASHION TECH.
803 - CATERING & HOSPITALITY MGT",Day/Boarding
47,Juaben Technical Institute,9050303,Ashanti,Ejisu-Juaben,Juaben,Mixed,4,"608 - ELECTRICAL ENG. TECH.
702 - PLUMBING & GAS TECHNOLOGY
706 - BUILDING CONSTRUCTION
802 - GARMENT / FASHION TECH.",Day
48,Pakyi Applied Technology Institute,9054022,Ashanti,Amansie West,Pakyi,Mixed,4,"612 - ELECTRONICS ENG. TECH.
615 - INFORMATION TECH.
623 - MECHATRONICS ENGINEERING TECHNOLOGY
808 - JEWELLERY",Day/ Boarding
49,"TSC Technical Institute, Dormaa Ahenkro",9061000,Bono,Dormaa Central Mun,Dormaa Ahenkro,Mixed,2,"603 - WELDING & FABRICATION TECH.
606 - MECHANICAL ENG TECH.",Day/Boarding
50,Dormaa Technical Institute,9061001,Bono,Dormaa Central,Dormaa Ahenkro,Mixed,10,"608 - ELECTRICAL ENG. TECH.
702 - PLUMBING & GAS TECHNOLOGY
705 - WOOD TECHNOLOGY
706 - BUILDING CONSTRUCTION
802 - GARMENT / FASHION TECH.
803 - CATERING & HOSPITALITY MGT
809 - HAIRDRESSING
810 - BEAUTY THERAPY
901 - BUSINESS SECRETARIAL
903 - BUSINESS INFO. TECH.",Day/Boarding
51,"TSC Technical Institute, Drobo",9060500,Bono,Jaman South,Drobo,Mixed,2,"603 - WELDING & FABRICATION TECH.
606 - MECHANICAL ENG TECH.",Day/ Boarding
52,Our Lady of Fatima Technical Institute,9061100,Bono,Jaman North,Sampa,Mixed,5,"608 - ELECTRICAL ENG. TECH.
705 - WOOD TECHNOLOGY
706 - BUILDING CONSTRUCTION
802 - GARMENT / FASHION TECH.
901 - BUSINESS SECRETARIAL",Day/Boarding
53,Sunyani Technical Institute,9060106,Bono,Sunyani Mun,Sunyani,Mixed,12,"602 - AUTOMOTIVE  ENG. TECH.
603 - WELDING & FABRICATION TECH.
608 - ELECTRICAL ENG. TECH.
614 - COMPUTER HARDWARE & SOFTWARE
617 - COMPUTER NETWORKING (CBT OPTION, FOR GIRLS ONLY)
702 - PLUMBING & GAS TECHNOLOGY
705 - WOOD TECHNOLOGY
706 - BUILDING CONSTRUCTION
802 - GARMENT / FASHION TECH.
803 - CATERING & HOSPITALITY MGT
809 - HAIRDRESSING
810 - BEAUTY THERAPY",Day/Boarding
54,"Social Welfare Technical Institute, Sunyani",9060107,Bono,Sunyani Mun,Sunyani,Mixed,6,"602 - AUTOMOTIVE  ENG. TECH.
608 - ELECTRICAL ENG. TECH.
706 - BUILDING CONSTRUCTION
802 - GARMENT / FASHION TECH.
803 - CATERING & HOSPITALITY MGT
804 - TEXTILE TECHNOLOGY",Day/Boarding
55,Sunyani Methodist Technical Inst.,9060101,Bono,Sunyani Municipal,Sunyani,Mixed,10,"602 - AUTOMOTIVE  ENG. TECH.
603 - WELDING & FABRICATION TECH.
608 - ELECTRICAL ENG. TECH.
612 - ELECTRONICS ENG. TECH.
705 - WOOD TECHNOLOGY
706 - BUILDING CONSTRUCTION
802 - GARMENT / FASHION TECH.
803 - CATERING & HOSPITALITY MGT
901 - BUSINESS SECRETARIAL
902 - BUSINESS ACCOUNTING",Day/Boarding
56,Don Bosco Voc./Tech. Inst.,9062601,Bono,Sunyani West,Odumase,Mixed,13,"602 - AUTOMOTIVE  ENG. TECH.
603 - WELDING & FABRICATION TECH.
606 - MECHANICAL ENG TECH.
608 - ELECTRICAL ENG. TECH.
610 - AGRICULTURAL MECHANIZATION TECH.
612 - ELECTRONICS ENG. TECH.
614 - COMPUTER HARDWARE & SOFTWARE
701 - CREATIVE ART TECHNOLOGY
705 - WOOD TECHNOLOGY
706 - BUILDING CONSTRUCTION
802 - GARMENT / FASHION TECH.
803 - CATERING & HOSPITALITY MGT
901 - BUSINESS SECRETARIAL",Day
57,Nsoatre Technical Institute,9062602,Bono,Sunyani West,Nsoatre,Mixed,10,"602 - AUTOMOTIVE  ENG. TECH.
608 - ELECTRICAL ENG. TECH.
614 - COMPUTER HARDWARE & SOFTWARE
702 - PLUMBING & GAS TECHNOLOGY
705 - WOOD TECHNOLOGY
706 - BUILDING CONSTRUCTION
802 - GARMENT / FASHION TECH.
803 - CATERING & HOSPITALITY MGT
809 - HAIRDRESSING
810 - BEAUTY THERAPY",Day/Boarding
58,Nkwabeng Technical Institute,9060905,Bono East,Nkoranza South,Nkwabeng,Mixed,6,"608 - ELECTRICAL ENG. TECH.
614 - COMPUTER HARDWARE & SOFTWARE
705 - WOOD TECHNOLOGY
706 - BUILDING CONSTRUCTION
802 - GARMENT / FASHION TECH.
803 - CATERING & HOSPITALITY MGT",Day/Boarding
59,Kintampo Technical Institute,9060301,Bono East,Kintampo South Mun.,Kintampo,Mixed,5,"608 - ELECTRICAL ENG. TECH.
705 - WOOD TECHNOLOGY
706 - BUILDING CONSTRUCTION
802 - GARMENT / FASHION TECH.
803 - CATERING & HOSPITALITY MGT",Day/Boarding
60,Nkoranza Tech Inst.,9060901,Bono East,Nkoranza South,Nkoranza,Mixed,16,"602 - AUTOMOTIVE  ENG. TECH.
603 - WELDING & FABRICATION TECH.
606 - MECHANICAL ENG TECH.
608 - ELECTRICAL ENG. TECH.
610 - AGRICULTURAL MECHANIZATION TECH.
611 - REFRIGERATION & AIR-CONDITION
614 - COMPUTER HARDWARE & SOFTWARE
615 - INFORMATION TECH.
702 - PLUMBING & GAS TECHNOLOGY
705 - WOOD TECHNOLOGY
706 - BUILDING CONSTRUCTION
707 - ARCHITECTURAL DRAUGHTMANSHIP
802 - GARMENT / FASHION TECH.
803 - CATERING & HOSPITALITY MGT
901 - BUSINESS SECRETARIAL
902 - BUSINESS ACCOUNTING",Day/Boarding
61,Techiman Technical Institute,9061200,Bono East,Techiman,Techiman,Mixed,5,"603 - WELDING & FABRICATION TECH.
606 - MECHANICAL ENG TECH.
608 - ELECTRICAL ENG. TECH.
706 - BUILDING CONSTRUCTION
802 - GARMENT / FASHION TECH.",Day/ Boarding
62,Kajaji Technical Institute,9067793,Bono East,Sene East,Kajaji,Mixed,5,"608 - ELECTRICAL ENG. TECH.
705 - WOOD TECHNOLOGY
706 - BUILDING CONSTRUCTION
802 - GARMENT / FASHION TECH.
803 - CATERING & HOSPITALITY MGT",Day
63,Asuansi Tech. Inst.,9030401,Central,Abura/Asebu/kwamankese,Asuansi,Mixed,15,"602 - AUTOMOTIVE  ENG. TECH.
603 - WELDING & FABRICATION TECH.
606 - MECHANICAL ENG TECH.
608 - ELECTRICAL ENG. TECH.
610 - AGRICULTURAL MECHANIZATION TECH.
614 - COMPUTER HARDWARE & SOFTWARE
701 - CREATIVE ART TECHNOLOGY
702 - PLUMBING & GAS TECHNOLOGY
703 - FURNITURE TECHNOLOGY
705 - WOOD TECHNOLOGY
706 - BUILDING CONSTRUCTION
707 - ARCHITECTURAL DRAUGHTMANSHIP
802 - GARMENT / FASHION TECH.
803 - CATERING & HOSPITALITY MGT
901 - BUSINESS SECRETARIAL",Day/Boarding
64,Agona Swedru Technical Institute,9031101,Central,Agona West Mun.,Agona Swedru,Mixed,9,"602 - AUTOMOTIVE  ENG. TECH.
608 - ELECTRICAL ENG. TECH.
702 - PLUMBING & GAS TECHNOLOGY
705 - WOOD TECHNOLOGY
706 - BUILDING CONSTRUCTION
802 - GARMENT / FASHION TECH.
803 - CATERING & HOSPITALITY MGT
809 - HAIRDRESSING
810 - BEAUTY THERAPY",Day/Boarding
65,Ajumako-Afranse Technical Institute,9030802,Central,Ajumako Enyan Esiam,Ajumako,Mixed,5,"608 - ELECTRICAL ENG. TECH.
705 - WOOD TECHNOLOGY
706 - BUILDING CONSTRUCTION
802 - GARMENT / FASHION TECH.
803 - CATERING & HOSPITALITY MGT",Day/Boarding
66,Enyan-Abaasa Technical Institute,9030801,Central,Ajumako/ Enyan /Essiam,Enyan Abaasa,Mixed,6,"602 - AUTOMOTIVE  ENG. TECH.
608 - ELECTRICAL ENG. TECH.
706 - BUILDING CONSTRUCTION
802 - GARMENT / FASHION TECH.
803 - CATERING & HOSPITALITY MGT
902 - BUSINESS ACCOUNTING",Day/Boarding
67,Breman Asikuma Technical Institute,9031300,Central,Asikuma Odoben Brakwa,Breman-Asikuma,Mixed,5,"608 - ELECTRICAL ENG. TECH.
706 - BUILDING CONSTRUCTION
802 - GARMENT / FASHION TECH.
803 - CATERING & HOSPITALITY MGT
901 - BUSINESS SECRETARIAL",Day/Boarding
68,"TSC Technical Institute, Assin Edubiase",9030700,Central,Assin Central Mun.,Assin Edubiase,Mixed,2,"603 - WELDING & FABRICATION TECH.
606 - MECHANICAL ENG TECH.",Day
69,Assin Foso Technical Institute,9030701,Central,Assin North,Assin Fosu,Mixed,9,"602 - AUTOMOTIVE  ENG. TECH.
608 - ELECTRICAL ENG. TECH.
614 - COMPUTER HARDWARE & SOFTWARE
622 - SOLAR PV TECHNOLOGY (CBT OPTION)
702 - PLUMBING & GAS TECHNOLOGY
705 - WOOD TECHNOLOGY
706 - BUILDING CONSTRUCTION
802 - GARMENT / FASHION TECH.
803 - CATERING & HOSPITALITY MGT",Day/Boarding
70,"TSC Technical Institute, Awutu Breku",9031200,Central,Awutu Senya West,Awutu Senya,Mixed,2,"603 - WELDING & FABRICATION TECH.
606 - MECHANICAL ENG TECH.",Day
71,Cape Coast Tech. Inst.,9030101,Central,Cape Coast Metro,Cape Coast,Mixed,17,"602 - AUTOMOTIVE  ENG. TECH.
603 - WELDING & FABRICATION TECH.
606 - MECHANICAL ENG TECH.
608 - ELECTRICAL ENG. TECH.
611 - REFRIGERATION & AIR-CONDITION
612 - ELECTRONICS ENG. TECH.
701 - CREATIVE ART TECHNOLOGY
702 - PLUMBING & GAS TECHNOLOGY
703 - FURNITURE TECHNOLOGY
705 - WOOD TECHNOLOGY
706 - BUILDING CONSTRUCTION
707 - ARCHITECTURAL DRAUGHTMANSHIP
802 - GARMENT / FASHION TECH.
803 - CATERING & HOSPITALITY MGT
901 - BUSINESS SECRETARIAL
902 - BUSINESS ACCOUNTING
903 - BUSINESS INFO. TECH.",Day/Boarding
72,"GRATIS Technical Institute, Cape Coast",9030102,Central,Cape Coast Mun,Cape Coast,Mixed,2,"603 - WELDING & FABRICATION TECH.
606 - MECHANICAL ENG TECH.",Day
73,"Social Welfare Girls' Technical Institute, Pedu",9030103,Central,Cape Coast Mun,Pedu,Girls,5,"802 - GARMENT / FASHION TECH.
803 - CATERING & HOSPITALITY MGT
804 - TEXTILE TECHNOLOGY
809 - HAIRDRESSING
810 - BEAUTY THERAPY",Day/Boarding
74,Winneba Technical Institute,9030900,Central,Effutu Mun.,Winneba,Mixed,9,"602 - AUTOMOTIVE  ENG. TECH.
603 - WELDING & FABRICATION TECH.
606 - MECHANICAL ENG TECH.
608 - ELECTRICAL ENG. TECH.
615 - INFORMATION TECH.
702 - PLUMBING & GAS TECHNOLOGY
706 - BUILDING CONSTRUCTION
802 - GARMENT / FASHION TECH.
803 - CATERING & HOSPITALITY MGT",Day/Boarding
75,Panfokrom Technical Institute,9030601,Central,Gomoa East,Panfokrom,Mixed,8,"602 - AUTOMOTIVE  ENG. TECH.
608 - ELECTRICAL ENG. TECH.
615 - INFORMATION TECH.
702 - PLUMBING & GAS TECHNOLOGY
706 - BUILDING CONSTRUCTION
802 - GARMENT / FASHION TECH.
803 - CATERING & HOSPITALITY MGT
805 - GRAPHICS DESIGN TECH.",Day/Boarding
76,Gomoa Adaa Technical Institute,9030500,Central,Gomoa West,Gomoa Adaa,Mixed,7,"608 - ELECTRICAL ENG. TECH.
614 - COMPUTER HARDWARE & SOFTWARE
702 - PLUMBING & GAS TECHNOLOGY
705 - WOOD TECHNOLOGY
706 - BUILDING CONSTRUCTION
802 - GARMENT / FASHION TECH.
803 - CATERING & HOSPITALITY MGT",Day/Boarding
77,Mankessim Technical Institute,9030300,Central,Mfantsiman,Mankessim,Mixed,7,"602 - AUTOMOTIVE  ENG. TECH.
603 - WELDING & FABRICATION TECH.
606 - MECHANICAL ENG TECH.
608 - ELECTRICAL ENG. TECH.
702 - PLUMBING & GAS TECHNOLOGY
706 - BUILDING CONSTRUCTION
802 - GARMENT / FASHION TECH.",Day
78,New Ebu Technical Institute,9030414,Central,Abura Asebu Kwamankese,New Ebu,Mixed,5,"608 - ELECTRICAL ENG. TECH.
706 - BUILDING CONSTRUCTION
802 - GARMENT / FASHION TECH.
803 - CATERING & HOSPITALITY MGT
901 - BUSINESS SECRETARIAL",Day/Boarding
79,Biriwa Technical Institute,9030301,Central,Mfantsiman Mun,Biriwa,Mixed,10,"602 - AUTOMOTIVE  ENG. TECH.
603 - WELDING & FABRICATION TECH.
608 - ELECTRICAL ENG. TECH.
611 - REFRIGERATION & AIR-CONDITION
614 - COMPUTER HARDWARE & SOFTWARE
621 - LEATHER WORKS TECHNOLOGY
705 - WOOD TECHNOLOGY
706 - BUILDING CONSTRUCTION
802 - GARMENT / FASHION TECH.
803 - CATERING & HOSPITALITY MGT",Day/Boarding
80,Asafora Technical Institute,9030321,Central,Mfantseman,Asafora,Mixed,6,"608 - ELECTRICAL ENG. TECH.
706 - BUILDING CONSTRUCTION
802 - GARMENT / FASHION TECH.
803 - CATERING & HOSPITALITY MGT
809 - HAIRDRESSING
810 - BEAUTY THERAPY",Day
81,Assin Jakai Applied Technology Institute,9030707,Central,Assin Jakai,Assin South,Mixed,4,"608 - ELECTRICAL ENG. TECH.
706 - BUILDING CONSTRUCTION
802 - GARMENT / FASHION TECH.
803 - CATERING & HOSPITALITY MGT",Day
82,J.G. Knol Technical Instititute,9021601,Eastern,Okere,Adukrom Akuapem,Mixed,5,"602 - AUTOMOTIVE  ENG. TECH.
608 - ELECTRICAL ENG. TECH.
706 - BUILDING CONSTRUCTION
802 - GARMENT / FASHION TECH.
803 - CATERING & HOSPITALITY MGT",Day/Boarding
83,Akrofufu Technical Institute,9022200,Eastern,Atiwa West,Akrofufu,Mixed,5,"608 - ELECTRICAL ENG. TECH.
610 - AGRICULTURAL MECHANIZATION TECH.
706 - BUILDING CONSTRUCTION
802 - GARMENT / FASHION TECH.
803 - CATERING & HOSPITALITY MGT",Day/ Boarding
84,Anum Presbyterian Technical Institute,9020800,Eastern,Asuogyaman,Anum,Mixed,9,"608 - ELECTRICAL ENG. TECH.
614 - COMPUTER HARDWARE & SOFTWARE
702 - PLUMBING & GAS TECHNOLOGY
706 - BUILDING CONSTRUCTION
802 - GARMENT / FASHION TECH.
803 - CATERING & HOSPITALITY MGT
810 - BEAUTY THERAPY
901 - BUSINESS SECRETARIAL
903 - BUSINESS INFO. TECH.",Day/Boarding
85,Akwatia Tech. Inst.,9021101,Eastern,Denkyembour,Akwatia,Mixed,13,"602 - AUTOMOTIVE  ENG. TECH.
603 - WELDING & FABRICATION TECH.
606 - MECHANICAL ENG TECH.
608 - ELECTRICAL ENG. TECH.
612 - ELECTRONICS ENG. TECH.
614 - COMPUTER HARDWARE & SOFTWARE
702 - PLUMBING & GAS TECHNOLOGY
705 - WOOD TECHNOLOGY
706 - BUILDING CONSTRUCTION
802 - GARMENT / FASHION TECH.
803 - CATERING & HOSPITALITY MGT
902 - BUSINESS ACCOUNTING
903 - BUSINESS INFO. TECH.",Day/Boarding
86,Kibi Technical Institute,9021302,Eastern,Eask Akim Mun.,Kibi,Mixed,8,"602 - AUTOMOTIVE  ENG. TECH.
603 - WELDING & FABRICATION TECH.
608 - ELECTRICAL ENG. TECH.
614 - COMPUTER HARDWARE & SOFTWARE
702 - PLUMBING & GAS TECHNOLOGY
705 - WOOD TECHNOLOGY
706 - BUILDING CONSTRUCTION
802 - GARMENT / FASHION TECH.",Day/Boarding
87,St. Paul's Tech. Inst.,9021301,Eastern,East Akim,Kukurantumi,Mixed,10,"602 - AUTOMOTIVE  ENG. TECH.
603 - WELDING & FABRICATION TECH.
606 - MECHANICAL ENG TECH.
608 - ELECTRICAL ENG. TECH.
614 - COMPUTER HARDWARE & SOFTWARE
622 - SOLAR PV TECHNOLOGY (CBT OPTION)
626 - WATER TECHNOLOGY
705 - WOOD TECHNOLOGY
706 - BUILDING CONSTRUCTION
707 - ARCHITECTURAL DRAUGHTMANSHIP",Day/Boarding
88,Takrowase Technical Institute,9022600,Eastern,Kwaebibrim,Takrowasi,Mixed,6,"608 - ELECTRICAL ENG. TECH.
610 - AGRICULTURAL MECHANIZATION TECH.
705 - WOOD TECHNOLOGY
706 - BUILDING CONSTRUCTION
802 - GARMENT / FASHION TECH.
803 - CATERING & HOSPITALITY MGT",Day/Boarding
89,Amankwakrom Fisheries Agric. Tech. Inst.,9020901,Eastern,Kwahu Afram Plains North,Amankwakrom,Mixed,10,"603 - WELDING & FABRICATION TECH.
608 - ELECTRICAL ENG. TECH.
610 - AGRICULTURAL MECHANIZATION TECH.
612 - ELECTRONICS ENG. TECH.
614 - COMPUTER HARDWARE & SOFTWARE
701 - CREATIVE ART TECHNOLOGY
705 - WOOD TECHNOLOGY
706 - BUILDING CONSTRUCTION
802 - GARMENT / FASHION TECH.
803 - CATERING & HOSPITALITY MGT",Day/Boarding
90,St. Mary's Voc./Tech. Inst.,9020902,Eastern,Kwahu Afram Plains North,Adiembra,Girls,9,"603 - WELDING & FABRICATION TECH.
701 - CREATIVE ART TECHNOLOGY
705 - WOOD TECHNOLOGY
802 - GARMENT / FASHION TECH.
803 - CATERING & HOSPITALITY MGT
804 - TEXTILE TECHNOLOGY
901 - BUSINESS SECRETARIAL
902 - BUSINESS ACCOUNTING
903 - BUSINESS INFO. TECH.",Day/Boarding
91,"TSC Technical Institute, Donkorkrom",9020903,Eastern,Kwahu Afram Plains North,Donkorkrom,Mixed,3,"603 - WELDING & FABRICATION TECH.
606 - MECHANICAL ENG TECH.
615 - INFORMATION TECH.",Day
92,St. Joseph's Tech. Inst.,9022001,Eastern,Kwahu East,Kwahu Tafo,Mixed,11,"602 - AUTOMOTIVE  ENG. TECH.
603 - WELDING & FABRICATION TECH.
606 - MECHANICAL ENG TECH.
608 - ELECTRICAL ENG. TECH.
612 - ELECTRONICS ENG. TECH.
614 - COMPUTER HARDWARE & SOFTWARE
705 - WOOD TECHNOLOGY
706 - BUILDING CONSTRUCTION
802 - GARMENT / FASHION TECH.
803 - CATERING & HOSPITALITY MGT
903 - BUSINESS INFO. TECH.",Day/Boarding
93,Abetifi Tech. Inst.,9021001,Eastern,Kwahu East,Abetifi,Mixed,14,"602 - AUTOMOTIVE  ENG. TECH.
603 - WELDING & FABRICATION TECH.
606 - MECHANICAL ENG TECH.
608 - ELECTRICAL ENG. TECH.
609 - ELECTRICAL MACHINE/MOTOR REWINDING
610 - AGRICULTURAL MECHANIZATION TECH.
612 - ELECTRONICS ENG. TECH.
614 - COMPUTER HARDWARE & SOFTWARE
705 - WOOD TECHNOLOGY
706 - BUILDING CONSTRUCTION
802 - GARMENT / FASHION TECH.
803 - CATERING & HOSPITALITY MGT
901 - BUSINESS SECRETARIAL
902 - BUSINESS ACCOUNTING",Day/Boarding
94,Abetifi Kyemase Technical  Institute,9021002,Eastern,Kwahu East,Abetifi,Mixed,9,"603 - WELDING & FABRICATION TECH.
608 - ELECTRICAL ENG. TECH.
610 - AGRICULTURAL MECHANIZATION TECH.
702 - PLUMBING & GAS TECHNOLOGY
705 - WOOD TECHNOLOGY
706 - BUILDING CONSTRUCTION
707 - ARCHITECTURAL DRAUGHTMANSHIP
802 - GARMENT / FASHION TECH.
803 - CATERING & HOSPITALITY MGT",Day/Boarding
95,Kpong Technical Institute,9021502,Eastern,Lower Manya Krobo,Kpong,Mixed,10,"602 - AUTOMOTIVE  ENG. TECH.
608 - ELECTRICAL ENG. TECH.
614 - COMPUTER HARDWARE & SOFTWARE
702 - PLUMBING & GAS TECHNOLOGY
705 - WOOD TECHNOLOGY
706 - BUILDING CONSTRUCTION
802 - GARMENT / FASHION TECH.
803 - CATERING & HOSPITALITY MGT
809 - HAIRDRESSING
810 - BEAUTY THERAPY",Day/Boarding
96,Koforidua GRATIS Technical Institute,9020104,Eastern,New Juaben Municipal,Koforidua,Mixed,4,"602 - AUTOMOTIVE  ENG. TECH.
603 - WELDING & FABRICATION TECH.
606 - MECHANICAL ENG TECH.
608 - ELECTRICAL ENG. TECH.",Day
97,Koforidua Tech. Inst.,9020101,Eastern,New Juaben,Koforidua,Mixed,16,"602 - AUTOMOTIVE  ENG. TECH.
603 - WELDING & FABRICATION TECH.
606 - MECHANICAL ENG TECH.
608 - ELECTRICAL ENG. TECH.
612 - ELECTRONICS ENG. TECH.
614 - COMPUTER HARDWARE & SOFTWARE
701 - CREATIVE ART TECHNOLOGY
702 - PLUMBING & GAS TECHNOLOGY
705 - WOOD TECHNOLOGY
706 - BUILDING CONSTRUCTION
708 - BUILDING CONS. TECH. (CBT OPTION)
709 - BIODIGESTER
802 - GARMENT / FASHION TECH.
803 - CATERING & HOSPITALITY MGT
902 - BUSINESS ACCOUNTING
903 - BUSINESS INFO. TECH.",Day/Boarding
98,Effiduase Technical Institute,9020102,Eastern,New Juaben Municipal,Effiduase-Koforidua,Mixed,6,"608 - ELECTRICAL ENG. TECH.
705 - WOOD TECHNOLOGY
706 - BUILDING CONSTRUCTION
802 - GARMENT / FASHION TECH.
803 - CATERING & HOSPITALITY MGT
810 - BEAUTY THERAPY",Day/Boarding
99,Abiriw Presbyterian Technical Institute,9021602,Eastern,Okere,Abiriw,Mixed,4,"608 - ELECTRICAL ENG. TECH.
802 - GARMENT / FASHION TECH.
803 - CATERING & HOSPITALITY MGT
809 - HAIRDRESSING",Day
100,Akuapem Technical Institute,9020301,Eastern,Akwapem South,Kitase-Aburi,Mixed,5,"608 - ELECTRICAL ENG. TECH.
706 - BUILDING CONSTRUCTION
802 - GARMENT / FASHION TECH.
803 - CATERING & HOSPITALITY MGT
810 - BEAUTY THERAPY",Day
101,Suhum Technical Institute,9020701,Eastern,Suhum Municipal,Suhum,Mixed,8,"602 - AUTOMOTIVE  ENG. TECH.
608 - ELECTRICAL ENG. TECH.
702 - PLUMBING & GAS TECHNOLOGY
706 - BUILDING CONSTRUCTION
802 - GARMENT / FASHION TECH.
803 - CATERING & HOSPITALITY MGT
810 - BEAUTY THERAPY
901 - BUSINESS SECRETARIAL",Day/Boarding
102,"St. Mary's Technical Institute, Asamankese",9020500,Eastern,West Akim,Asamankese,Mixed,6,"608 - ELECTRICAL ENG. TECH.
615 - INFORMATION TECH.
802 - GARMENT / FASHION TECH.
803 - CATERING & HOSPITALITY MGT
809 - HAIRDRESSING
810 - BEAUTY THERAPY",Day/Boarding
103,"TSC Technical Institute, Asamankese",9020501,Eastern,West Akim,Asamankese,Mixed,3,"603 - WELDING & FABRICATION TECH.
606 - MECHANICAL ENG TECH.
615 - INFORMATION TECH.",Day
104,Denkyembour Technical Institute,9021105,Eastern,Denkyembour,Boadua,Mixed,4,"608 - ELECTRICAL ENG. TECH.
706 - BUILDING CONSTRUCTION
802 - GARMENT / FASHION TECH.
803 - CATERING & HOSPITALITY MGT",Day/Boarding
105,Asakraka Technical Institute,9022301,Eastern,Kwahu South,Asakraka,Mixed,6,"608 - ELECTRICAL ENG. TECH.
705 - WOOD TECHNOLOGY
706 - BUILDING CONSTRUCTION
802 - GARMENT / FASHION TECH.
803 - CATERING & HOSPITALITY MGT
810 - BEAUTY THERAPY",Day
106,Somanya Technical Institute,9021401,Eastern,Yilo Krobo,Somanya,Mixed,6,"602 - AUTOMOTIVE  ENG. TECH.
608 - ELECTRICAL ENG. TECH.
706 - BUILDING CONSTRUCTION
802 - GARMENT / FASHION TECH.
803 - CATERING & HOSPITALITY MGT
810 - BEAUTY THERAPY",Day/Boarding
107,Tutu Methodist Technical Institute,9021603,Eastern,Akuampem North Municipal,Tutu,Mixed,6,"602 - AUTOMOTIVE  ENG. TECH.
608 - ELECTRICAL ENG. TECH.
706 - BUILDING CONSTRUCTION
802 - GARMENT / FASHION TECH.
803 - CATERING & HOSPITALITY MGT
810 - BEAUTY THERAPY",Day
108,Applied Technology Institute - Anyinam,9022201,Eastern,Atiwa East,Anyinam,Mixed,3,"608 - ELECTRICAL ENG. TECH.
705 - WOOD TECHNOLOGY
802 - GARMENT / FASHION TECH.",Day
109,New Century Technical Institute,9010104,G. Accra,Ablekuma West Municipal,Dansoman,Mixed,10,"608 - ELECTRICAL ENG. TECH.
611 - REFRIGERATION & AIR-CONDITION
612 - ELECTRONICS ENG. TECH.
614 - COMPUTER HARDWARE & SOFTWARE
621 - LEATHER WORKS TECHNOLOGY
702 - PLUMBING & GAS TECHNOLOGY
705 - WOOD TECHNOLOGY
707 - ARCHITECTURAL DRAUGHTMANSHIP
802 - GARMENT / FASHION TECH.
803 - CATERING & HOSPITALITY MGT",Day
110,Sacred Heart Tech. Inst.,9010102,G. Accra,Accra Metro,Jamsetown,Mixed,7,"614 - COMPUTER HARDWARE & SOFTWARE
705 - WOOD TECHNOLOGY
802 - GARMENT / FASHION TECH.
803 - CATERING & HOSPITALITY MGT
809 - HAIRDRESSING
901 - BUSINESS SECRETARIAL
902 - BUSINESS ACCOUNTING",Day
111,Ada Tech. Inst.,9011601,G. Accra,Ada East,Ada,Mixed,14,"602 - AUTOMOTIVE  ENG. TECH.
603 - WELDING & FABRICATION TECH.
606 - MECHANICAL ENG TECH.
608 - ELECTRICAL ENG. TECH.
612 - ELECTRONICS ENG. TECH.
615 - INFORMATION TECH.
622 - SOLAR PV TECHNOLOGY (CBT OPTION)
702 - PLUMBING & GAS TECHNOLOGY
705 - WOOD TECHNOLOGY
706 - BUILDING CONSTRUCTION
802 - GARMENT / FASHION TECH.
803 - CATERING & HOSPITALITY MGT
901 - BUSINESS SECRETARIAL
902 - BUSINESS ACCOUNTING",Day/Boarding
112,Ashiaman Technical Institute,9011001,G. Accra,Ashiaman Municipal,Ashaiman,Mixed,10,"602 - AUTOMOTIVE  ENG. TECH.
603 - WELDING & FABRICATION TECH.
608 - ELECTRICAL ENG. TECH.
612 - ELECTRONICS ENG. TECH.
706 - BUILDING CONSTRUCTION
802 - GARMENT / FASHION TECH.
803 - CATERING & HOSPITALITY MGT
901 - BUSINESS SECRETARIAL
902 - BUSINESS ACCOUNTING
903 - BUSINESS INFO. TECH.",Day
113,"Opportunities Industrialization Technical Institute, Accra",9010123,G. Accra,Ayawaso West Municipal,East Legon,Mixed,7,"602 - AUTOMOTIVE  ENG. TECH.
608 - ELECTRICAL ENG. TECH.
701 - CREATIVE ART TECHNOLOGY
706 - BUILDING CONSTRUCTION
802 - GARMENT / FASHION TECH.
803 - CATERING & HOSPITALITY MGT
901 - BUSINESS SECRETARIAL",Day
114,Pilot Technical Institute,9010105,G. Accra,Ayawaso Central Municipal,Kokomlemle,Mixed,10,"603 - WELDING & FABRICATION TECH.
606 - MECHANICAL ENG TECH.
608 - ELECTRICAL ENG. TECH.
611 - REFRIGERATION & AIR-CONDITION
612 - ELECTRONICS ENG. TECH.
614 - COMPUTER HARDWARE & SOFTWARE
619 - DATABASE MANAGEMENT (CBT OPTION, FOR GIRLS ONLY)
705 - WOOD TECHNOLOGY
706 - BUILDING CONSTRUCTION
707 - ARCHITECTURAL DRAUGHTMANSHIP",Day
115,Kanda Technical Institute,9010106,G. Accra,Ayawaso East Municipal,Kanda,Mixed,2,"802 - GARMENT / FASHION TECH.
803 - CATERING & HOSPITALITY MGT",Day/Boarding
116,Accra Tech. Trg. Centre,9010101,G. Accra,Ayawaso South Municipal,Kokomlemle,Mixed,17,"601 - AUTOBODY REPAIRS
602 - AUTOMOTIVE  ENG. TECH.
603 - WELDING & FABRICATION TECH.
605 - INDUSTRIAL MECHANICS
606 - MECHANICAL ENG TECH.
607 - SMALL ENGINES TECH.
608 - ELECTRICAL ENG. TECH.
611 - REFRIGERATION & AIR-CONDITION
612 - ELECTRONICS ENG. TECH.
614 - COMPUTER HARDWARE & SOFTWARE
701 - CREATIVE ART TECHNOLOGY
702 - PLUMBING & GAS TECHNOLOGY
705 - WOOD TECHNOLOGY
706 - BUILDING CONSTRUCTION
707 - ARCHITECTURAL DRAUGHTMANSHIP
802 - GARMENT / FASHION TECH.
903 - BUSINESS INFO. TECH.",Day/Boarding
117,Bedeku Technical Institute,9010500,G. Accra,Ada East,Bedeku,Mixed,6,"603 - WELDING & FABRICATION TECH.
608 - ELECTRICAL ENG. TECH.
705 - WOOD TECHNOLOGY
706 - BUILDING CONSTRUCTION
802 - GARMENT / FASHION TECH.
803 - CATERING & HOSPITALITY MGT",Day
118,Ngleshie Amanfro Technical Institute,9011302,G. Accra,Ga South Municipal,Ngleshie Amanfro,Mixed,5,"601 - AUTOBODY REPAIRS
608 - ELECTRICAL ENG. TECH.
706 - BUILDING CONSTRUCTION
802 - GARMENT / FASHION TECH.
803 - CATERING & HOSPITALITY MGT",Day
119,Madina Technical Institute,9010901,G. Accra,La Nkwantanang-Madina Municipal,Madin,Mixed,7,"602 - AUTOMOTIVE  ENG. TECH.
608 - ELECTRICAL ENG. TECH.
706 - BUILDING CONSTRUCTION
802 - GARMENT / FASHION TECH.
803 - CATERING & HOSPITALITY MGT
809 - HAIRDRESSING
810 - BEAUTY THERAPY",Day/Boarding
120,Teshie Tech. Instittute,9011701,G. Accra,Ledzokuku Municipal,Teshie,Mixed,7,"608 - ELECTRICAL ENG. TECH.
705 - WOOD TECHNOLOGY
706 - BUILDING CONSTRUCTION
802 - GARMENT / FASHION TECH.
803 - CATERING & HOSPITALITY MGT
902 - BUSINESS ACCOUNTING
903 - BUSINESS INFO. TECH.",Day
121,Afienya  Technical Institute,9010602,G. Accra,Ningo Prampram,Afienya,Mixed,7,"603 - WELDING & FABRICATION TECH.
608 - ELECTRICAL ENG. TECH.
702 - PLUMBING & GAS TECHNOLOGY
705 - WOOD TECHNOLOGY
706 - BUILDING CONSTRUCTION
802 - GARMENT / FASHION TECH.
803 - CATERING & HOSPITALITY MGT",Day/Boarding
122,Prampram Technical Institute,9010601,G. Accra,Ningo Prampram,Prampram,Mixed,8,"602 - AUTOMOTIVE  ENG. TECH.
608 - ELECTRICAL ENG. TECH.
614 - COMPUTER HARDWARE & SOFTWARE
702 - PLUMBING & GAS TECHNOLOGY
705 - WOOD TECHNOLOGY
706 - BUILDING CONSTRUCTION
802 - GARMENT / FASHION TECH.
803 - CATERING & HOSPITALITY MGT",Day/Boarding
123,South Labone Girls Technical Institute,9010107,G. Accra,Korle Klottey Municipal,Labone,Girls,4,"802 - GARMENT / FASHION TECH.
803 - CATERING & HOSPITALITY MGT
809 - HAIRDRESSING
810 - BEAUTY THERAPY",Day/Boarding
124,Agomeda Technical Institute,9010702,G. Accra,Shai Osudoku,Agomeda,Mixed,7,"608 - ELECTRICAL ENG. TECH.
612 - ELECTRONICS ENG. TECH.
705 - WOOD TECHNOLOGY
706 - BUILDING CONSTRUCTION
802 - GARMENT / FASHION TECH.
803 - CATERING & HOSPITALITY MGT
809 - HAIRDRESSING",Day
125,Dodowa Technical Institute,9010700,G. Accra,Shai Osudoku,Dodowa,Mixed,5,"608 - ELECTRICAL ENG. TECH.
705 - WOOD TECHNOLOGY
706 - BUILDING CONSTRUCTION
802 - GARMENT / FASHION TECH.
803 - CATERING & HOSPITALITY MGT",Day
126,Tema Tech. Inst.,9010201,G. Accra,Tema Metro,Tema,Mixed,20,"602 - AUTOMOTIVE  ENG. TECH.
603 - WELDING & FABRICATION TECH.
605 - INDUSTRIAL MECHANICS
606 - MECHANICAL ENG TECH.
608 - ELECTRICAL ENG. TECH.
612 - ELECTRONICS ENG. TECH.
613 - PRINTING
614 - COMPUTER HARDWARE & SOFTWARE
622 - SOLAR PV TECHNOLOGY (CBT OPTION)
702 - PLUMBING & GAS TECHNOLOGY
705 - WOOD TECHNOLOGY
706 - BUILDING CONSTRUCTION
707 - ARCHITECTURAL DRAUGHTMANSHIP
708 - BUILDING CONS. TECH. (CBT OPTION)
709 - BIODIGESTER
802 - GARMENT / FASHION TECH.
803 - CATERING & HOSPITALITY MGT
901 - BUSINESS SECRETARIAL
902 - BUSINESS ACCOUNTING
903 - BUSINESS INFO. TECH.",Day/Boarding
127,Tema Mission Technical Institute,9010206,G. Accra,Tema Metro,Tema,Mixed,7,"608 - ELECTRICAL ENG. TECH.
612 - ELECTRONICS ENG. TECH.
622 - SOLAR PV TECHNOLOGY (CBT OPTION)
705 - WOOD TECHNOLOGY
706 - BUILDING CONSTRUCTION
802 - GARMENT / FASHION TECH.
803 - CATERING & HOSPITALITY MGT",Day/Boarding
128,Government Technical Institute,9010108,G. Accra,Okaikwei South Municipal,Kaneshie-Accra,Mixed,3,"601 - AUTOBODY REPAIRS
602 - AUTOMOTIVE  ENG. TECH.
603 - WELDING & FABRICATION TECH.",Day
129,Danfa Technical Institute,9010906,G. Accra,La Nkwantanang Municipal,Danfa,Mixed,4,"608 - ELECTRICAL ENG. TECH.
705 - WOOD TECHNOLOGY
706 - BUILDING CONSTRUCTION
802 - GARMENT / FASHION TECH.",Day
130,Nima Technical Institute,9010112,G. Accra,Ayawaso East Municipal,Nima,Mixed,2,"802 - GARMENT / FASHION TECH.
803 - CATERING & HOSPITALITY MGT",Day
131,East Legon Applied Technology Institute,9011400,G. Accra,Ayawaso West Municipal,East Legon,Mixed,4,"602 - AUTOMOTIVE  ENG. TECH.
604 - HEAVY DUTY MECHANICS
608 - ELECTRICAL ENG. TECH.
612 - ELECTRONICS ENG. TECH.",Day/Boarding
132,Nalerigu Technical Institute,9081000,North East,East Mamprusi,Nalerigu,Mixed,6,"608 - ELECTRICAL ENG. TECH.
610 - AGRICULTURAL MECHANIZATION TECH.
705 - WOOD TECHNOLOGY
706 - BUILDING CONSTRUCTION
802 - GARMENT / FASHION TECH.
804 - TEXTILE TECHNOLOGY",Day/Boarding
133,Walewale Technical Institute,9080601,North East,West Mampusi,Walawale,Mixed,13,"603 - WELDING & FABRICATION TECH.
608 - ELECTRICAL ENG. TECH.
610 - AGRICULTURAL MECHANIZATION TECH.
614 - COMPUTER HARDWARE & SOFTWARE
618 - SOFTWARE DEVELOPMENT (CBT OPTION, FOR GIRLS ONLY)
702 - PLUMBING & GAS TECHNOLOGY
705 - WOOD TECHNOLOGY
706 - BUILDING CONSTRUCTION
802 - GARMENT / FASHION TECH.
803 - CATERING & HOSPITALITY MGT
804 - TEXTILE TECHNOLOGY
901 - BUSINESS SECRETARIAL
902 - BUSINESS ACCOUNTING",Day/Boarding
134,Loagri Technical Institute,9080701,North East,Mampurugu Moagduri,Loagri,Mixed,5,"615 - INFORMATION TECH.
706 - BUILDING CONSTRUCTION
802 - GARMENT / FASHION TECH.
803 - CATERING & HOSPITALITY MGT
804 - TEXTILE TECHNOLOGY",Day/ Boarding
135,Zugu Dabogni Technical Institute,9081600,Northern,Kumbungu,Zugu Dabogni,Mixed,6,"608 - ELECTRICAL ENG. TECH.
610 - AGRICULTURAL MECHANIZATION TECH.
705 - WOOD TECHNOLOGY
706 - BUILDING CONSTRUCTION
802 - GARMENT / FASHION TECH.
803 - CATERING & HOSPITALITY MGT",Day/Boarding
136,Tamale Technical Institute,9081901,Northern,Sagnerigu,Tamale,Mixed,11,"602 - AUTOMOTIVE  ENG. TECH.
603 - WELDING & FABRICATION TECH.
606 - MECHANICAL ENG TECH.
608 - ELECTRICAL ENG. TECH.
610 - AGRICULTURAL MECHANIZATION TECH.
612 - ELECTRONICS ENG. TECH.
701 - CREATIVE ART TECHNOLOGY
705 - WOOD TECHNOLOGY
706 - BUILDING CONSTRUCTION
802 - GARMENT / FASHION TECH.
803 - CATERING & HOSPITALITY MGT",Day/Boarding
137,Gbewa Technical Institute,9080110,Northern,Tamale Metro,Tamale,Mixed,4,"802 - GARMENT / FASHION TECH.
804 - TEXTILE TECHNOLOGY
809 - HAIRDRESSING
810 - BEAUTY THERAPY",Day
138,"St. Joseph's Tech. Inst., Saboba",9080901,Northern,Saboba,Saboba,Mixed,14,"602 - AUTOMOTIVE  ENG. TECH.
603 - WELDING & FABRICATION TECH.
606 - MECHANICAL ENG TECH.
608 - ELECTRICAL ENG. TECH.
612 - ELECTRONICS ENG. TECH.
701 - CREATIVE ART TECHNOLOGY
702 - PLUMBING & GAS TECHNOLOGY
705 - WOOD TECHNOLOGY
706 - BUILDING CONSTRUCTION
802 - GARMENT / FASHION TECH.
803 - CATERING & HOSPITALITY MGT
901 - BUSINESS SECRETARIAL
902 - BUSINESS ACCOUNTING
903 - BUSINESS INFO. TECH.",Day/ Boarding
139,Dabokpa Voc/Tech. Inst.,9080101,Northern,Tamale Metro,Tamale,Mixed,22,"602 - AUTOMOTIVE  ENG. TECH.
603 - WELDING & FABRICATION TECH.
606 - MECHANICAL ENG TECH.
607 - SMALL ENGINES TECH.
608 - ELECTRICAL ENG. TECH.
610 - AGRICULTURAL MECHANIZATION TECH.
611 - REFRIGERATION & AIR-CONDITION
612 - ELECTRONICS ENG. TECH.
614 - COMPUTER HARDWARE & SOFTWARE
618 - SOFTWARE DEVELOPMENT (CBT OPTION, FOR GIRLS ONLY)
622 - SOLAR PV TECHNOLOGY (CBT OPTION)
625 - RECYCLING TECHNOLOGY (CBT OPTION)
701 - CREATIVE ART TECHNOLOGY
702 - PLUMBING & GAS TECHNOLOGY
705 - WOOD TECHNOLOGY
706 - BUILDING CONSTRUCTION
708 - BUILDING CONS. TECH. (CBT OPTION)
709 - BIODIGESTER
802 - GARMENT / FASHION TECH.
803 - CATERING & HOSPITALITY MGT
901 - BUSINESS SECRETARIAL
902 - BUSINESS ACCOUNTING",Day/Boarding
140,"St. Mary's Technical Institute,Tamale",9080102,Northern,Tamale Metro,Tamale,Girls,9,"607 - SMALL ENGINES TECH.
608 - ELECTRICAL ENG. TECH.
614 - COMPUTER HARDWARE & SOFTWARE
802 - GARMENT / FASHION TECH.
803 - CATERING & HOSPITALITY MGT
804 - TEXTILE TECHNOLOGY
809 - HAIRDRESSING
810 - BEAUTY THERAPY
901 - BUSINESS SECRETARIAL",Day/Boarding
141,Lamashegu Technical Institute,9080103,Northern,Tamale Metro,Tamale,Mixed,11,"603 - WELDING & FABRICATION TECH.
608 - ELECTRICAL ENG. TECH.
612 - ELECTRONICS ENG. TECH.
702 - PLUMBING & GAS TECHNOLOGY
705 - WOOD TECHNOLOGY
706 - BUILDING CONSTRUCTION
802 - GARMENT / FASHION TECH.
803 - CATERING & HOSPITALITY MGT
901 - BUSINESS SECRETARIAL
902 - BUSINESS ACCOUNTING
903 - BUSINESS INFO. TECH.",Day/Boarding
142,Kumbungu Vocational Techncal Institute,9087782,Northern,Kumbungu,Kumbungu,Mixed,4,"705 - WOOD TECHNOLOGY
802 - GARMENT / FASHION TECH.
809 - HAIRDRESSING
810 - BEAUTY THERAPY",Day
143,"GRATIS Technical Institute, Tamale",9080104,Northern,Tamale Metro,Tamale,Mixed,2,"603 - WELDING & FABRICATION TECH.
606 - MECHANICAL ENG TECH.",Day
144,Nyohini Community Technical Institute,9080105,Northern,Tamale Mun,Tamale,Mixed,7,"608 - ELECTRICAL ENG. TECH.
705 - WOOD TECHNOLOGY
706 - BUILDING CONSTRUCTION
802 - GARMENT / FASHION TECH.
803 - CATERING & HOSPITALITY MGT
809 - HAIRDRESSING
810 - BEAUTY THERAPY",Day/Boarding
145,Tatale Technical Institute,9082045,Northern,Tatale,Tatale,Mixed,3,"608 - ELECTRICAL ENG. TECH.
615 - INFORMATION TECH.
802 - GARMENT / FASHION TECH.",Day
146,Zabzugu Technical Institute,9081606,Northern,Zabzugu,Zabzugu,Mixed,2,"802 - GARMENT / FASHION TECH.
804 - TEXTILE TECHNOLOGY",Day
147,Kofi Annan Technical Institute,9081601,Northern,Kumbungu,Nwodua,Mixed,6,"608 - ELECTRICAL ENG. TECH.
610 - AGRICULTURAL MECHANIZATION TECH.
615 - INFORMATION TECH.
706 - BUILDING CONSTRUCTION
802 - GARMENT / FASHION TECH.
803 - CATERING & HOSPITALITY MGT",Day/Boarding
148,Nyong Technical Institute,9080301,Northern,Karaga,Nyong,Mixed,7,"603 - WELDING & FABRICATION TECH.
608 - ELECTRICAL ENG. TECH.
705 - WOOD TECHNOLOGY
706 - BUILDING CONSTRUCTION
802 - GARMENT / FASHION TECH.
803 - CATERING & HOSPITALITY MGT
809 - HAIRDRESSING",Day/Boarding
149,Savelugu Technical Institute,9081903,Northern,Savelugu Municipal,Savelugu,Mixed,2,"802 - GARMENT / FASHION TECH.
803 - CATERING & HOSPITALITY MGT",Day/ Boarding
150,Fr. Dogli Memorial Technical Institute,9070401,Oti,Jasikan,New Ayoma,Mixed,11,"608 - ELECTRICAL ENG. TECH.
610 - AGRICULTURAL MECHANIZATION TECH.
614 - COMPUTER HARDWARE & SOFTWARE
702 - PLUMBING & GAS TECHNOLOGY
705 - WOOD TECHNOLOGY
706 - BUILDING CONSTRUCTION
802 - GARMENT / FASHION TECH.
803 - CATERING & HOSPITALITY MGT
809 - HAIRDRESSING
901 - BUSINESS SECRETARIAL
902 - BUSINESS ACCOUNTING",Day/Boarding
151,Kaakyi Technical Institute,9072001,Oti,Kete Krachi,Kete Krachi,Mixed,6,"602 - AUTOMOTIVE  ENG. TECH.
608 - ELECTRICAL ENG. TECH.
705 - WOOD TECHNOLOGY
706 - BUILDING CONSTRUCTION
802 - GARMENT / FASHION TECH.
803 - CATERING & HOSPITALITY MGT",Day
152,St Theresa's Technical Institute,9070800,Oti,Krachi Nchumuru,Chinderi,Mixed,7,"608 - ELECTRICAL ENG. TECH.
610 - AGRICULTURAL MECHANIZATION TECH.
614 - COMPUTER HARDWARE & SOFTWARE
705 - WOOD TECHNOLOGY
706 - BUILDING CONSTRUCTION
802 - GARMENT / FASHION TECH.
901 - BUSINESS SECRETARIAL",Day/Boarding
153,Lolobi Technical Institute,9072112,Oti,Guan,Lolobi Ashiambi,Mixed,5,"608 - ELECTRICAL ENG. TECH.
705 - WOOD TECHNOLOGY
708 - BUILDING CONS. TECH. (CBT OPTION)
802 - GARMENT / FASHION TECH.
803 - CATERING & HOSPITALITY MGT",Day
154,Dambai Technical Institute,9073012,Oti,Krachi East,Dambai,Mixed,5,"608 - ELECTRICAL ENG. TECH.
705 - WOOD TECHNOLOGY
706 - BUILDING CONSTRUCTION
802 - GARMENT / FASHION TECH.
804 - TEXTILE TECHNOLOGY",Day
155,Bole Technical Institute,9080700,Savannah,Bole,Bole,Mixed,7,"603 - WELDING & FABRICATION TECH.
606 - MECHANICAL ENG TECH.
608 - ELECTRICAL ENG. TECH.
706 - BUILDING CONSTRUCTION
802 - GARMENT / FASHION TECH.
803 - CATERING & HOSPITALITY MGT
804 - TEXTILE TECHNOLOGY",Day/Boarding
156,Buipe Technical Institute,9081501,Savannah,Central Gonja,Buipe,Mixed,9,"608 - ELECTRICAL ENG. TECH.
610 - AGRICULTURAL MECHANIZATION TECH.
701 - CREATIVE ART TECHNOLOGY
705 - WOOD TECHNOLOGY
706 - BUILDING CONSTRUCTION
802 - GARMENT / FASHION TECH.
803 - CATERING & HOSPITALITY MGT
804 - TEXTILE TECHNOLOGY
902 - BUSINESS ACCOUNTING",Day/ Boarding
157,Sawla Girls Vocational Institute,9080655,Savannah,Sawla Tuna Kalba,Sawla,Girls,4,"802 - GARMENT / FASHION TECH.
803 - CATERING & HOSPITALITY MGT
804 - TEXTILE TECHNOLOGY
901 - BUSINESS SECRETARIAL",Day/Boarding
158,Salaga Technical Institute,9081500,Savannah,East Gonja,Salaga,Mixed,3,"603 - WELDING & FABRICATION TECH.
606 - MECHANICAL ENG TECH.
802 - GARMENT / FASHION TECH.",Day/Boarding
159,Damongo Technical Institute,9082100,Savannah,West Gonja,Damongo,Mixed,2,"706 - BUILDING CONSTRUCTION
802 - GARMENT / FASHION TECH.",Day/ Boarding
160,Bawku Tech. Inst.,9090101,Upper East,Bawku East,Bawku,Mixed,15,"602 - AUTOMOTIVE  ENG. TECH.
603 - WELDING & FABRICATION TECH.
606 - MECHANICAL ENG TECH.
608 - ELECTRICAL ENG. TECH.
610 - AGRICULTURAL MECHANIZATION TECH.
612 - ELECTRONICS ENG. TECH.
701 - CREATIVE ART TECHNOLOGY
702 - PLUMBING & GAS TECHNOLOGY
705 - WOOD TECHNOLOGY
706 - BUILDING CONSTRUCTION
802 - GARMENT / FASHION TECH.
803 - CATERING & HOSPITALITY MGT
901 - BUSINESS SECRETARIAL
902 - BUSINESS ACCOUNTING
903 - BUSINESS INFO. TECH.",Day/Boarding
161,Kpalwega Technical Institute,9090102,Upper East,Bawku East,Bawku,Mixed,4,"702 - PLUMBING & GAS TECHNOLOGY
706 - BUILDING CONSTRUCTION
802 - GARMENT / FASHION TECH.
901 - BUSINESS SECRETARIAL",Day/Boarding
162,Kusanaba Technical Institute,9090600,Upper East,Bawku West Mun.,Binaba,Mixed,5,"608 - ELECTRICAL ENG. TECH.
705 - WOOD TECHNOLOGY
706 - BUILDING CONSTRUCTION
802 - GARMENT / FASHION TECH.
803 - CATERING & HOSPITALITY MGT",Day/Boarding
163,Bolga Tech. Inst.,9090401,Upper East,Bolgatanga,Bolgatanga,Mixed,15,"602 - AUTOMOTIVE  ENG. TECH.
603 - WELDING & FABRICATION TECH.
606 - MECHANICAL ENG TECH.
608 - ELECTRICAL ENG. TECH.
612 - ELECTRONICS ENG. TECH.
614 - COMPUTER HARDWARE & SOFTWARE
701 - CREATIVE ART TECHNOLOGY
702 - PLUMBING & GAS TECHNOLOGY
705 - WOOD TECHNOLOGY
706 - BUILDING CONSTRUCTION
707 - ARCHITECTURAL DRAUGHTMANSHIP
802 - GARMENT / FASHION TECH.
803 - CATERING & HOSPITALITY MGT
901 - BUSINESS SECRETARIAL
902 - BUSINESS ACCOUNTING",Day/Boarding
164,Bolgatanga Central Technical Institute,9090403,Upper East,Bolgatanga Mun,Bolgatanga,Mixed,7,"603 - WELDING & FABRICATION TECH.
608 - ELECTRICAL ENG. TECH.
706 - BUILDING CONSTRUCTION
802 - GARMENT / FASHION TECH.
803 - CATERING & HOSPITALITY MGT
809 - HAIRDRESSING
901 - BUSINESS SECRETARIAL",Day/Boarding
165,"GRATIS Technical Institute, Bolga",9090402,Upper East,Bolgatanga Mun,Bolgatanga,Mixed,2,"603 - WELDING & FABRICATION TECH.
606 - MECHANICAL ENG TECH.",Day/Boarding
166,Bongo Technical Institute,9090701,Upper East,Bongo,Bongo,Mixed,4,"608 - ELECTRICAL ENG. TECH.
706 - BUILDING CONSTRUCTION
802 - GARMENT / FASHION TECH.
803 - CATERING & HOSPITALITY MGT",Day/Boarding
167,Sandema Technical Institute,9091000,Upper East,Builsa North,Sandema,Mixed,6,"608 - ELECTRICAL ENG. TECH.
610 - AGRICULTURAL MECHANIZATION TECH.
705 - WOOD TECHNOLOGY
706 - BUILDING CONSTRUCTION
802 - GARMENT / FASHION TECH.
803 - CATERING & HOSPITALITY MGT",Day/Boarding
168,TSC Technical Institute - Garu,9090800,Upper East,Garu,Garu,Mixed,2,"603 - WELDING & FABRICATION TECH.
606 - MECHANICAL ENG TECH.",Day
169,St. Bernadettes Tech/Voc. Institute,9090901,Upper East,Kassena Nanakana East,Navrongo,Mixed,10,"603 - WELDING & FABRICATION TECH.
608 - ELECTRICAL ENG. TECH.
701 - CREATIVE ART TECHNOLOGY
702 - PLUMBING & GAS TECHNOLOGY
705 - WOOD TECHNOLOGY
706 - BUILDING CONSTRUCTION
802 - GARMENT / FASHION TECH.
803 - CATERING & HOSPITALITY MGT
901 - BUSINESS SECRETARIAL
902 - BUSINESS ACCOUNTING",Day/ Boarding
170,TSC Technical Institute -Kassena Nankana,9090903,Upper East,Kassena Nankana East,,Mixed,10,"602 - AUTOMOTIVE  ENG. TECH.
603 - WELDING & FABRICATION TECH.
606 - MECHANICAL ENG TECH.
608 - ELECTRICAL ENG. TECH.
614 - COMPUTER HARDWARE & SOFTWARE
615 - INFORMATION TECH.
705 - WOOD TECHNOLOGY
706 - BUILDING CONSTRUCTION
802 - GARMENT / FASHION TECH.
803 - CATERING & HOSPITALITY MGT",Day/Boarding
171,Nabango Technical Institute,9095606,Upper East,Kassena Nankana East,Nabango,Mixed,3,"706 - BUILDING CONSTRUCTION
802 - GARMENT / FASHION TECH.
804 - TEXTILE TECHNOLOGY",Day
172,Navrongo Technical Institute,9090902,Upper East,Kassena Nankana Mun.,Navrongo,Mixed,5,"608 - ELECTRICAL ENG. TECH.
621 - LEATHER WORKS TECHNOLOGY
706 - BUILDING CONSTRUCTION
802 - GARMENT / FASHION TECH.
803 - CATERING & HOSPITALITY MGT",Day/Boarding
173,Namalteng Technical Institute,9091200,Upper East,Talensi,Gbeogo Namalteng,Mixed,5,"608 - ELECTRICAL ENG. TECH.
706 - BUILDING CONSTRUCTION
802 - GARMENT / FASHION TECH.
803 - CATERING & HOSPITALITY MGT
804 - TEXTILE TECHNOLOGY",Day/Boarding
174,Issa Technical Institute,9100800,Upper West,Dafiama Busie Issa,Issa,Mixed,7,"608 - ELECTRICAL ENG. TECH.
610 - AGRICULTURAL MECHANIZATION TECH.
614 - COMPUTER HARDWARE & SOFTWARE
705 - WOOD TECHNOLOGY
706 - BUILDING CONSTRUCTION
802 - GARMENT / FASHION TECH.
803 - CATERING & HOSPITALITY MGT",Day/Boarding
175,St. Basilides Voc./Tech. Inst.,9101001,Upper West,Nadowli Kaleo,Kaleo,Mixed,6,"603 - WELDING & FABRICATION TECH.
608 - ELECTRICAL ENG. TECH.
622 - SOLAR PV TECHNOLOGY (CBT OPTION)
705 - WOOD TECHNOLOGY
706 - BUILDING CONSTRUCTION
802 - GARMENT / FASHION TECH.",Day/Boarding
176,"TSC Technical Institute, Nadowli - Kaleo",9101002,Upper West,Nadowli Kaleo,Nadowli,Mixed,2,"603 - WELDING & FABRICATION TECH.
606 - MECHANICAL ENG TECH.",Day
177,St. John's Voc. Tech. Institute,9100901,Upper West,Nandom,Nandom,Mixed,6,"602 - AUTOMOTIVE  ENG. TECH.
603 - WELDING & FABRICATION TECH.
608 - ELECTRICAL ENG. TECH.
702 - PLUMBING & GAS TECHNOLOGY
705 - WOOD TECHNOLOGY
706 - BUILDING CONSTRUCTION",Day/Boarding
178,St Anne's Vocational Training Institute,9100902,Upper West,Nandom,Nandom,Girls,5,"615 - INFORMATION TECH.
802 - GARMENT / FASHION TECH.
803 - CATERING & HOSPITALITY MGT
804 - TEXTILE TECHNOLOGY
810 - BEAUTY THERAPY",Day/Boarding
179,St. Clare's Technical Institute,9100400,Upper West,Sisala East,Tumu,Mixed,5,"608 - ELECTRICAL ENG. TECH.
614 - COMPUTER HARDWARE & SOFTWARE
802 - GARMENT / FASHION TECH.
803 - CATERING & HOSPITALITY MGT
804 - TEXTILE TECHNOLOGY",Day/Boarding
180,"GRATIS Technical Institute, Wa",9100103,Upper West,Wa Mun.,Wa,Mixed,2,"603 - WELDING & FABRICATION TECH.
606 - MECHANICAL ENG TECH.",Day
181,Naa-Momori Technical Institute,9100104,Upper West,Wa Mun.,Wa,Mixed,8,"608 - ELECTRICAL ENG. TECH.
615 - INFORMATION TECH.
705 - WOOD TECHNOLOGY
706 - BUILDING CONSTRUCTION
802 - GARMENT / FASHION TECH.
803 - CATERING & HOSPITALITY MGT
804 - TEXTILE TECHNOLOGY
809 - HAIRDRESSING",Day/Boarding
182,Tibani Technical Institute,9100415,Upper West,Kaleo Nadowu,Tibani,Mixed,4,"705 - WOOD TECHNOLOGY
706 - BUILDING CONSTRUCTION
802 - GARMENT / FASHION TECH.
804 - TEXTILE TECHNOLOGY",Day/Boarding
183,Birifo Technical Institute,9100741,Upper West,Lawra,Birifo,Mixed,3,"615 - INFORMATION TECH.
705 - WOOD TECHNOLOGY
802 - GARMENT / FASHION TECH.",Day
184,Wa Tech. Inst.,9100101,Upper West,Wa Municipal,Wa,Mixed,15,"602 - AUTOMOTIVE  ENG. TECH.
603 - WELDING & FABRICATION TECH.
606 - MECHANICAL ENG TECH.
608 - ELECTRICAL ENG. TECH.
610 - AGRICULTURAL MECHANIZATION TECH.
612 - ELECTRONICS ENG. TECH.
614 - COMPUTER HARDWARE & SOFTWARE
701 - CREATIVE ART TECHNOLOGY
702 - PLUMBING & GAS TECHNOLOGY
705 - WOOD TECHNOLOGY
706 - BUILDING CONSTRUCTION
802 - GARMENT / FASHION TECH.
803 - CATERING & HOSPITALITY MGT
902 - BUSINESS ACCOUNTING
903 - BUSINESS INFO. TECH.",Day/Boarding
185,Nakori Chansa Technical Institute,9100102,Upper West,Wa Municipal,Wa,Mixed,5,"705 - WOOD TECHNOLOGY
802 - GARMENT / FASHION TECH.
804 - TEXTILE TECHNOLOGY
809 - HAIRDRESSING
810 - BEAUTY THERAPY",Day/Boarding
186,Guo Technical Insititute,9101103,Upper West,Nandom District,Guo,Mixed,4,"705 - WOOD TECHNOLOGY
706 - BUILDING CONSTRUCTION
802 - GARMENT / FASHION TECH.
804 - TEXTILE TECHNOLOGY",Day/Boarding
187,St. Daniel Comboni Technical Institute,9072101,Volta,Afadzto South,Liati,Mixed,9,"602 - AUTOMOTIVE  ENG. TECH.
603 - WELDING & FABRICATION TECH.
608 - ELECTRICAL ENG. TECH.
610 - AGRICULTURAL MECHANIZATION TECH.
705 - WOOD TECHNOLOGY
706 - BUILDING CONSTRUCTION
707 - ARCHITECTURAL DRAUGHTMANSHIP
802 - GARMENT / FASHION TECH.
803 - CATERING & HOSPITALITY MGT",Day/Boarding
188,Have Tech. Inst.,9072100,Volta,Afadzto South,Have,Mixed,14,"602 - AUTOMOTIVE  ENG. TECH.
603 - WELDING & FABRICATION TECH.
606 - MECHANICAL ENG TECH.
608 - ELECTRICAL ENG. TECH.
610 - AGRICULTURAL MECHANIZATION TECH.
612 - ELECTRONICS ENG. TECH.
614 - COMPUTER HARDWARE & SOFTWARE
705 - WOOD TECHNOLOGY
706 - BUILDING CONSTRUCTION
802 - GARMENT / FASHION TECH.
803 - CATERING & HOSPITALITY MGT
901 - BUSINESS SECRETARIAL
902 - BUSINESS ACCOUNTING
903 - BUSINESS INFO. TECH.",Day/Boarding
189,Avenorpeme Technical Institute,9072400,Volta,Akatsi South,Avenorpeme,Mixed,5,"608 - ELECTRICAL ENG. TECH.
705 - WOOD TECHNOLOGY
706 - BUILDING CONSTRUCTION
802 - GARMENT / FASHION TECH.
803 - CATERING & HOSPITALITY MGT",Day/Boarding
190,Ve- Golokwati Technical Institute,9071014,Volta,Afadzto South,Kwati,Mixed,3,"608 - ELECTRICAL ENG. TECH.
706 - BUILDING CONSTRUCTION
802 - GARMENT / FASHION TECH.",Day
191,Avenui-Awudome Technical Institute,9070150,Volta,Ho West,Avenui-Awudome,Mixed,5,"608 - ELECTRICAL ENG. TECH.
614 - COMPUTER HARDWARE & SOFTWARE
706 - BUILDING CONSTRUCTION
802 - GARMENT / FASHION TECH.
803 - CATERING & HOSPITALITY MGT",Day
192,Ave Technical Institute,9072401,Volta,Akatsi North,Ave,Mixed,4,"608 - ELECTRICAL ENG. TECH.
706 - BUILDING CONSTRUCTION
802 - GARMENT / FASHION TECH.
803 - CATERING & HOSPITALITY MGT",Day
193,Volta Tech Inst,9070702,Volta,Ho,Matse,Mixed,8,"602 - AUTOMOTIVE  ENG. TECH.
608 - ELECTRICAL ENG. TECH.
614 - COMPUTER HARDWARE & SOFTWARE
706 - BUILDING CONSTRUCTION
802 - GARMENT / FASHION TECH.
803 - CATERING & HOSPITALITY MGT
902 - BUSINESS ACCOUNTING
903 - BUSINESS INFO. TECH.",Day/Boarding
194,Ho -Lokoe Technical Institute,9070704,Volta,Ho Mun.,Ho,Mixed,6,"608 - ELECTRICAL ENG. TECH.
706 - BUILDING CONSTRUCTION
802 - GARMENT / FASHION TECH.
803 - CATERING & HOSPITALITY MGT
809 - HAIRDRESSING
810 - BEAUTY THERAPY",Day/Boarding
195,Ho Technical Institute,9070703,Volta,Ho Mun.,Ho,Mixed,5,"608 - ELECTRICAL ENG. TECH.
705 - WOOD TECHNOLOGY
706 - BUILDING CONSTRUCTION
802 - GARMENT / FASHION TECH.
803 - CATERING & HOSPITALITY MGT",Day/Boarding
196,Amedzofe Technical Institute,9070101,Volta,Ho West,Amedzofe,Mixed,8,"602 - AUTOMOTIVE  ENG. TECH.
608 - ELECTRICAL ENG. TECH.
610 - AGRICULTURAL MECHANIZATION TECH.
705 - WOOD TECHNOLOGY
706 - BUILDING CONSTRUCTION
802 - GARMENT / FASHION TECH.
803 - CATERING & HOSPITALITY MGT
902 - BUSINESS ACCOUNTING",Day/Boarding
197,Tsibu Technical Institute,9070113,Volta,Ho West,Tsibu Awodume,Mixed,4,"608 - ELECTRICAL ENG. TECH.
706 - BUILDING CONSTRUCTION
802 - GARMENT / FASHION TECH.
803 - CATERING & HOSPITALITY MGT",Day
198,E.P. Tech/Voc Inst,9071002,Volta,Hohoe,Alavanyo,Mixed,9,"602 - AUTOMOTIVE  ENG. TECH.
603 - WELDING & FABRICATION TECH.
606 - MECHANICAL ENG TECH.
608 - ELECTRICAL ENG. TECH.
705 - WOOD TECHNOLOGY
706 - BUILDING CONSTRUCTION
802 - GARMENT / FASHION TECH.
803 - CATERING & HOSPITALITY MGT
902 - BUSINESS ACCOUNTING",Day/Boarding
199,Anlo Tech. Inst.,9070501,Volta,Anloga Municipal,Anloga,Mixed,14,"602 - AUTOMOTIVE  ENG. TECH.
603 - WELDING & FABRICATION TECH.
606 - MECHANICAL ENG TECH.
608 - ELECTRICAL ENG. TECH.
612 - ELECTRONICS ENG. TECH.
701 - CREATIVE ART TECHNOLOGY
702 - PLUMBING & GAS TECHNOLOGY
705 - WOOD TECHNOLOGY
706 - BUILDING CONSTRUCTION
802 - GARMENT / FASHION TECH.
803 - CATERING & HOSPITALITY MGT
804 - TEXTILE TECHNOLOGY
901 - BUSINESS SECRETARIAL
902 - BUSINESS ACCOUNTING",Day/Boarding
200,Caring Sisters Technical Institute,9070503,Volta,Anloga Municipal,Tegbi,Mixed,2,"802 - GARMENT / FASHION TECH.
803 - CATERING & HOSPITALITY MGT",Day/Boarding
201,Atorkor Technical Institute,9070500,Volta,Keta Mun,Atorkor,Mixed,7,"603 - WELDING & FABRICATION TECH.
608 - ELECTRICAL ENG. TECH.
615 - INFORMATION TECH.
706 - BUILDING CONSTRUCTION
802 - GARMENT / FASHION TECH.
803 - CATERING & HOSPITALITY MGT
804 - TEXTILE TECHNOLOGY",Day/Boarding
202,Kedzi Technical Institute,9070514,Volta,Keta Mun,Kedzi,Mixed,7,"608 - ELECTRICAL ENG. TECH.
705 - WOOD TECHNOLOGY
706 - BUILDING CONSTRUCTION
802 - GARMENT / FASHION TECH.
803 - CATERING & HOSPITALITY MGT
805 - GRAPHICS DESIGN TECH.
807 - FINE ARTS - PAINTING",Day
203,Kpando Tech. Inst.,9070601,Volta,Kpando Municpal,Kpando,Mixed,18,"602 - AUTOMOTIVE  ENG. TECH.
603 - WELDING & FABRICATION TECH.
606 - MECHANICAL ENG TECH.
608 - ELECTRICAL ENG. TECH.
610 - AGRICULTURAL MECHANIZATION TECH.
614 - COMPUTER HARDWARE & SOFTWARE
615 - INFORMATION TECH.
701 - CREATIVE ART TECHNOLOGY
702 - PLUMBING & GAS TECHNOLOGY
703 - FURNITURE TECHNOLOGY
705 - WOOD TECHNOLOGY
706 - BUILDING CONSTRUCTION
708 - BUILDING CONS. TECH. (CBT OPTION)
709 - BIODIGESTER
802 - GARMENT / FASHION TECH.
803 - CATERING & HOSPITALITY MGT
901 - BUSINESS SECRETARIAL
902 - BUSINESS ACCOUNTING",Day/Boarding
204,C.Y.O. Tech/Voc. Inst.,9070602,Volta,Kpando Municpal,Sovie,Mixed,18,"602 - AUTOMOTIVE  ENG. TECH.
603 - WELDING & FABRICATION TECH.
608 - ELECTRICAL ENG. TECH.
610 - AGRICULTURAL MECHANIZATION TECH.
612 - ELECTRONICS ENG. TECH.
614 - COMPUTER HARDWARE & SOFTWARE
617 - COMPUTER NETWORKING (CBT OPTION, FOR GIRLS ONLY)
702 - PLUMBING & GAS TECHNOLOGY
703 - FURNITURE TECHNOLOGY
705 - WOOD TECHNOLOGY
706 - BUILDING CONSTRUCTION
707 - ARCHITECTURAL DRAUGHTMANSHIP
802 - GARMENT / FASHION TECH.
803 - CATERING & HOSPITALITY MGT
804 - TEXTILE TECHNOLOGY
809 - HAIRDRESSING
810 - BEAUTY THERAPY
902 - BUSINESS ACCOUNTING",Day/Boarding
205,Toh-Kpalime Technical Institute,9071200,Volta,South Dayi,Toh-Kpalime,Mixed,6,"608 - ELECTRICAL ENG. TECH.
705 - WOOD TECHNOLOGY
706 - BUILDING CONSTRUCTION
802 - GARMENT / FASHION TECH.
803 - CATERING & HOSPITALITY MGT
903 - BUSINESS INFO. TECH.",Day/Boarding
206,Comboni Tech/Voc Inst.,9070901,Volta,South Tongu,Sogakope,Mixed,14,"602 - AUTOMOTIVE  ENG. TECH.
603 - WELDING & FABRICATION TECH.
606 - MECHANICAL ENG TECH.
608 - ELECTRICAL ENG. TECH.
610 - AGRICULTURAL MECHANIZATION TECH.
613 - PRINTING
622 - SOLAR PV TECHNOLOGY (CBT OPTION)
705 - WOOD TECHNOLOGY
706 - BUILDING CONSTRUCTION
802 - GARMENT / FASHION TECH.
803 - CATERING & HOSPITALITY MGT
901 - BUSINESS SECRETARIAL
902 - BUSINESS ACCOUNTING
903 - BUSINESS INFO. TECH.",Day/Boarding
207,Klefe Technical Institute,9070705,Volta,Ho Mun.,Klefe,Mixed,3,"608 - ELECTRICAL ENG. TECH.
802 - GARMENT / FASHION TECH.
803 - CATERING & HOSPITALITY MGT",Day/Boarding
208,Dzodze Technical Institute,9070710,Volta,Ketu North,Dzodze,Mixed,4,"608 - ELECTRICAL ENG. TECH.
802 - GARMENT / FASHION TECH.
803 - CATERING & HOSPITALITY MGT
804 - TEXTILE TECHNOLOGY",Day
209,Sogakope Technial Institute,9071904,Volta,South Tongu,Sogakope,Mixed,3,"608 - ELECTRICAL ENG. TECH.
802 - GARMENT / FASHION TECH.
803 - CATERING & HOSPITALITY MGT",Day
210,Botoku Technical Insitute,9071201,Volta,Dayi,Botoku,Mixed,6,"608 - ELECTRICAL ENG. TECH.
705 - WOOD TECHNOLOGY
706 - BUILDING CONSTRUCTION
802 - GARMENT / FASHION TECH.
803 - CATERING & HOSPITALITY MGT
809 - HAIRDRESSING",Day
211,Woe Technical Institute,9070515,Volta,Keta Mun,Woe,Mixed,4,"602 - AUTOMOTIVE  ENG. TECH.
608 - ELECTRICAL ENG. TECH.
706 - BUILDING CONSTRUCTION
802 - GARMENT / FASHION TECH.",Day
212,Anfoeta Technical Institute,9070155,Volta,Ho West,Anfoeta Gborgame,Mixed,10,"608 - ELECTRICAL ENG. TECH.
610 - AGRICULTURAL MECHANIZATION TECH.
615 - INFORMATION TECH.
702 - PLUMBING & GAS TECHNOLOGY
705 - WOOD TECHNOLOGY
706 - BUILDING CONSTRUCTION
802 - GARMENT / FASHION TECH.
803 - CATERING & HOSPITALITY MGT
809 - HAIRDRESSING
810 - BEAUTY THERAPY",Day/ Boarding
213,TSC Technical Institute - Asankragwa,9041300,Western,Amenfi West,Asankragwa,Mixed,2,"603 - WELDING & FABRICATION TECH.
606 - MECHANICAL ENG TECH.",Day
214,Takoradi Tech. Inst.,9040101,Western,Effia Kwesimitsim,Takoradi,Mixed,23,"602 - AUTOMOTIVE  ENG. TECH.
603 - WELDING & FABRICATION TECH.
606 - MECHANICAL ENG TECH.
607 - SMALL ENGINES TECH.
608 - ELECTRICAL ENG. TECH.
611 - REFRIGERATION & AIR-CONDITION
612 - ELECTRONICS ENG. TECH.
614 - COMPUTER HARDWARE & SOFTWARE
615 - INFORMATION TECH.
618 - SOFTWARE DEVELOPMENT (CBT OPTION, FOR GIRLS ONLY)
620 - DIGITAL DESIGNING TECHNOLOGY
622 - SOLAR PV TECHNOLOGY (CBT OPTION)
625 - RECYCLING TECHNOLOGY (CBT OPTION)
702 - PLUMBING & GAS TECHNOLOGY
706 - BUILDING CONSTRUCTION
707 - ARCHITECTURAL DRAUGHTMANSHIP
708 - BUILDING CONS. TECH. (CBT OPTION)
709 - BIODIGESTER
802 - GARMENT / FASHION TECH.
803 - CATERING & HOSPITALITY MGT
901 - BUSINESS SECRETARIAL
902 - BUSINESS ACCOUNTING
903 - BUSINESS INFO. TECH.",Day/ Boarding
215,Takoradi Community Technical Institute,9040107,Western,Effia Kwesimitsim,Anaji,Mixed,4,"608 - ELECTRICAL ENG. TECH.
706 - BUILDING CONSTRUCTION
802 - GARMENT / FASHION TECH.
803 - CATERING & HOSPITALITY MGT",Day/Boarding
216,Charlotte Dolphyne Technical Institute,9040402,Western,Ellembele,Sanzule,Mixed,6,"603 - WELDING & FABRICATION TECH.
608 - ELECTRICAL ENG. TECH.
706 - BUILDING CONSTRUCTION
802 - GARMENT / FASHION TECH.
803 - CATERING & HOSPITALITY MGT
903 - BUSINESS INFO. TECH.",Day/Boarding
217,Kikam Tech. Inst.,9040401,Western,Ellembelle,Kikam,Mixed,12,"602 - AUTOMOTIVE  ENG. TECH.
603 - WELDING & FABRICATION TECH.
606 - MECHANICAL ENG TECH.
608 - ELECTRICAL ENG. TECH.
612 - ELECTRONICS ENG. TECH.
614 - COMPUTER HARDWARE & SOFTWARE
622 - SOLAR PV TECHNOLOGY (CBT OPTION)
702 - PLUMBING & GAS TECHNOLOGY
705 - WOOD TECHNOLOGY
706 - BUILDING CONSTRUCTION
707 - ARCHITECTURAL DRAUGHTMANSHIP
802 - GARMENT / FASHION TECH.",Day/Boarding
218,Asasetre Technical Institute,9040415,Western,Ellembelle,Asasetre,Mixed,6,"608 - ELECTRICAL ENG. TECH.
706 - BUILDING CONSTRUCTION
802 - GARMENT / FASHION TECH.
803 - CATERING & HOSPITALITY MGT
809 - HAIRDRESSING
810 - BEAUTY THERAPY",Day
219,TSC Technical Institute - Half Assini,9040700,Western,Jomoro,Half Assini,Mixed,2,"603 - WELDING & FABRICATION TECH.
606 - MECHANICAL ENG TECH.",Day/Boarding
220,Axim Technical Institute,9040301,Western,Nzema East,Axim,Mixed,7,"603 - WELDING & FABRICATION TECH.
608 - ELECTRICAL ENG. TECH.
702 - PLUMBING & GAS TECHNOLOGY
706 - BUILDING CONSTRUCTION
802 - GARMENT / FASHION TECH.
803 - CATERING & HOSPITALITY MGT
809 - HAIRDRESSING",Day/Boarding
221,Sekondi Takoradi Technical Institute,9040102,Western,Sekondi Takoradi Metro,Takoradi,Mixed,8,"602 - AUTOMOTIVE  ENG. TECH.
603 - WELDING & FABRICATION TECH.
606 - MECHANICAL ENG TECH.
608 - ELECTRICAL ENG. TECH.
611 - REFRIGERATION & AIR-CONDITION
615 - INFORMATION TECH.
702 - PLUMBING & GAS TECHNOLOGY
802 - GARMENT / FASHION TECH.",Day
222,Opportunities Industralisation Technical Institute - Takoradi,9040105,Western,Sekondi Takoradi Metro,Takoradi,Mixed,8,"603 - WELDING & FABRICATION TECH.
608 - ELECTRICAL ENG. TECH.
706 - BUILDING CONSTRUCTION
707 - ARCHITECTURAL DRAUGHTMANSHIP
802 - GARMENT / FASHION TECH.
803 - CATERING & HOSPITALITY MGT
804 - TEXTILE TECHNOLOGY
901 - BUSINESS SECRETARIAL",Day
223,Essipun Technical Institute,9040106,Western,Sekondi Takoradi Metro,Essipun Sekondi,Mixed,11,"602 - AUTOMOTIVE  ENG. TECH.
603 - WELDING & FABRICATION TECH.
608 - ELECTRICAL ENG. TECH.
611 - REFRIGERATION & AIR-CONDITION
614 - COMPUTER HARDWARE & SOFTWARE
705 - WOOD TECHNOLOGY
706 - BUILDING CONSTRUCTION
802 - GARMENT / FASHION TECH.
803 - CATERING & HOSPITALITY MGT
809 - HAIRDRESSING
810 - BEAUTY THERAPY",Day/Boarding
224,Shama Technical Institute,9041100,Western,Shama,Shama,Mixed,7,"608 - ELECTRICAL ENG. TECH.
706 - BUILDING CONSTRUCTION
707 - ARCHITECTURAL DRAUGHTMANSHIP
802 - GARMENT / FASHION TECH.
803 - CATERING & HOSPITALITY MGT
809 - HAIRDRESSING
810 - BEAUTY THERAPY",Day
225,Manso-Amenfi Technical Institute,9041200,Western,Wassa Amenfi Central,Manso Amenfi,Mixed,5,"602 - AUTOMOTIVE  ENG. TECH.
608 - ELECTRICAL ENG. TECH.
706 - BUILDING CONSTRUCTION
802 - GARMENT / FASHION TECH.
803 - CATERING & HOSPITALITY MGT",Day/ Boarding
226,Tarkwa Technical Institute,9040201,Western,Wassa West,Tarkwa,Mixed,6,"602 - AUTOMOTIVE  ENG. TECH.
603 - WELDING & FABRICATION TECH.
608 - ELECTRICAL ENG. TECH.
706 - BUILDING CONSTRUCTION
802 - GARMENT / FASHION TECH.
803 - CATERING & HOSPITALITY MGT",Day/Boarding
227,Mesu Akompi Technical Institute,9041412,Western,Wassa Amenfi East,Wassa Saa,Mixed,5,"608 - ELECTRICAL ENG. TECH.
614 - COMPUTER HARDWARE & SOFTWARE
802 - GARMENT / FASHION TECH.
803 - CATERING & HOSPITALITY MGT
804 - TEXTILE TECHNOLOGY",Day
228,Abura Technical Institute,9040800,Western,Ahanta West,Abura,Mixed,6,"608 - ELECTRICAL ENG. TECH.
614 - COMPUTER HARDWARE & SOFTWARE
705 - WOOD TECHNOLOGY
706 - BUILDING CONSTRUCTION
802 - GARMENT / FASHION TECH.
803 - CATERING & HOSPITALITY MGT",Day/Boarding
229,St. Ann's Technical Institute,9041201,Western,Sekondi Takoradi Metro,Sekondi,Girls,3,"603 - WELDING & FABRICATION TECH.
802 - GARMENT / FASHION TECH.
803 - CATERING & HOSPITALITY MGT",Day
230,Libermann Technical Institute,9040705,Western,Jomoro,Sowodadzem,Mixed,4,"608 - ELECTRICAL ENG. TECH.
706 - BUILDING CONSTRUCTION
802 - GARMENT / FASHION TECH.
803 - CATERING & HOSPITALITY MGT",Day/ Boarding
231,Sekondi Technical Institute,9040108,Western,Sekondi Takoradi Metro,Sekondi,Mixed,6,"603 - WELDING & FABRICATION TECH.
608 - ELECTRICAL ENG. TECH.
615 - INFORMATION TECH.
706 - BUILDING CONSTRUCTION
802 - GARMENT / FASHION TECH.
803 - CATERING & HOSPITALITY MGT",Day
232,TSC Technical Institute - Bibiani,9040600,Western North,Bibiani Anhwiaso Bekwai,Bibiani,Mixed,2,"603 - WELDING & FABRICATION TECH.
606 - MECHANICAL ENG TECH.",Day/Boarding
233,Bonso Nkwanta Technical Institute,9040901,Western North,Juaboso,Bonsu Nkwanta,Mixed,9,"602 - AUTOMOTIVE  ENG. TECH.
608 - ELECTRICAL ENG. TECH.
702 - PLUMBING & GAS TECHNOLOGY
705 - WOOD TECHNOLOGY
706 - BUILDING CONSTRUCTION
802 - GARMENT / FASHION TECH.
803 - CATERING & HOSPITALITY MGT
809 - HAIRDRESSING
810 - BEAUTY THERAPY",Day/ Boarding